112.498,0, 0
111.91,0, 0
109.234,0, 0
104.686,0, 0
98.5474,0, 0
91.2113,0, 0
83.6936,0, 0
77.9444,0, 0
76.8062,0, 0
83.2046,0, 0
98.6537,0, 0
138.817,0, 0
185.555,0, 0
230.334,0, 0
267.005,0, 0
292.268,0, 0
304.634,0, 0
301.882,0, 0
281.275,0, 0
242.02,0, 0
188.813,0, 0
130.698,0, 0
76.4119,0, 0
29.8545,0, 0
-8.69788,0, 0
-39.8454,0, 0
-62.9317,0, 0
-76.1732,0, 0
-79.0887,0, 0
-74.9429,0, 0
-69.3483,0, 0
-66.5361,0, 0
-67.5552,0, 0
-71.7112,0, 0
-78.1564,0, 0
-85.9845,0, 0
-95.1416,0, 0
-105.719,0, 0
-116.876,0, 0
-126.823,0, 0
-134.147,0, 0
-138.093,0, 0
-138.47,0, 0
-135.618,0, 0
-130.349,0, 0
-123.248,0, 0
-114.419,0, 0
-104.174,0, 0
-92.8373,0, 0
-80.3359,0, 0
-66.1409,0, 0
-50.1823,0, 0
-33.3225,0, 0
-17.4159,0, 0
-4.53113,0, 0
3.78561,0, 0
7.1917,0, 0
6.11812,0, 0
1.00952,0, 0
-8.01676,0, 0
-20.6542,0, 0
-36.0274,0, 0
-52.6039,0, 0
-68.537,0, 0
-82.2654,0, 0
-93.0977,0, 0
-101.159,0, 0
-106.893,0, 0
-110.706,0, 0
-112.892,0, 0
-113.676,0, 0
-113.316,0, 0
-112.215,0, 0
-110.836,0, 0
-109.488,0, 0
-108.248,0, 0
-107.054,0, 0
-105.815,0, 0
-104.458,0, 0
-102.962,0, 0
-101.357,0, 0
-99.7016,0, 0
-98.0619,0, 0
-96.4898,0, 0
-95.0126,0, 0
-93.6239,0, 0
-92.3229,0, 0
-91.1462,0, 0
-90.1299,0, 0
-89.2372,0, 0
-88.3226,0, 0
-87.1581,0, 0
-85.4976,0, 0
-83.103,0, 0
-79.7681,0, 0
-75.4114,0, 0
-70.1194,0, 0
-64.1601,0, 0
-57.8941,0, 0
-51.7292,0, 0
-46.0021,0, 0
-41.0064,0, 0
-37.0573,0, 0
-34.5792,0, 0
-33.8895,0, 0
-35.0594,0, 0
-37.8416,0, 0
-41.7941,0, 0
-46.3477,0, 0
-51.0016,0, 0
-55.3401,0, 0
-11.0489,0, 0
32.0516,0, 0
71.7947,0, 0
106.088,0, 0
133.074,0, 0
151.7,0, 0
162.635,0, 0
167.205,0, 0
166.95,0, 0
163.725,0, 0
159.559,0, 0
155.716,0, 0
152.618,0, 0
150.458,0, 0
149.128,0, 0
148.398,0, 0
148.191,0, 0
148.82,0, 0
150.346,0, 0
152.447,0, 0
154.568,0, 0
156.395,0, 0
157.789,0, 0
158.772,0, 0
159.417,0, 0
159.933,0, 0
160.401,0, 0
160.412,0, 0
159.34,0, 0
156.722,0, 0
152.169,0, 0
145.289,0, 0
136.02,0, 0
124.351,0, 0
109.867,0, 0
91.5579,0, 0
68.6954,0, 0
40.6166,0, 0
7.10086,0, 0
-31.4762,0, 0
-73.8916,0, 0
-119.26,0, 0
-166.391,0, 0
-213.444,0, 0
-257.031,0, 0
-292.997,0, 0
-316.605,0, 0
-324.617,0, 0
-315.752,0, 0
-291.209,0, 0
-253.032,0, 0
-204.631,0, 0
-149.988,0, 0
-94.1306,0, 0
-42.0319,0, 0
1.93478,0, 0
35.8155,0, 0
59.5355,0, 0
74.6086,0, 0
83.0721,0, 0
87.1022,0, 0
88.3947,0, 0
88.5034,0, 0
88.8029,0, 0
90.1761,0, 0
92.6132,0, 0
95.7405,0, 0
99.1673,0, 0
102.372,0, 0
105.052,0, 0
107.322,0, 0
109.488,0, 0
111.604,0, 0
113.599,0, 0
115.404,0, 0
116.755,0, 0
116.812,0, 0
114.557,0, 0
109.335,0, 0
100.776,0, 0
88.7074,0, 0
73.2574,0, 0
54.8144,0, 0
33.4748,0, 0
8.9595,0, 0
-18.7994,0, 0
-49.7005,0, 0
-83.3677,0, 0
-119.024,0, 0
-155.044,0, 0
-190.028,0, 0
-222.348,0, 0
-250.251,0, 0
-270.752,0, 0
-280.833,0, 0
-277.594,0, 0
-260.221,0, 0
-229.698,0, 0
-189.092,0, 0
-141.781,0, 0
-92.0374,0, 0
-43.9467,0, 0
-1.66715,0, 0
31.6621,0, 0
54.3098,0, 0
67.0261,0, 0
71.8678,0, 0
71.3237,0, 0
67.4741,0, 0
62.1609,0, 0
56.8455,0, 0
52.4012,0, 0
49.5541,0, 0
48.608,0, 0
49.3231,0, 0
51.047,0, 0
53.1201,0, 0
54.7501,0, 0
55.411,0, 0
54.5685,0, 0
52.085,0, 0
47.6951,0, 0
41.0398,0, 0
31.7633,0, 0
19.7767,0, 0
5.05052,0, 0
-11.9927,0, 0
-30.6929,0, 0
-49.8485,0, 0
-68.4327,0, 0
-85.848,0, 0
-101.904,0, 0
-116.954,0, 0
-131.83,0, 0
-147.125,0, 0
-162.99,0, 0
-178.97,0, 0
-194.198,0, 0
-207.33,0, 0
-216.348,0, 0
-219.139,0, 0
-213.735,0, 0
-198.525,0, 0
-172.963,0, 0
-137.963,0, 0
-95.7469,0, 0
-49.3027,0, 0
-2.16302,0, 0
41.7974,0, 0
79.0591,0, 0
107.399,0, 0
126.189,0, 0
137.086,0, 0
143.829,0, 0
150.142,0, 0
158.01,0, 0
166.575,0, 0
173.389,0, 0
175.698,0, 0
172.373,0, 0
163.814,0, 0
151.157,0, 0
134.755,0, 0
115.139,0, 0
93.2927,0, 0
72.3957,0, 0
56.4383,0, 0
48.5491,0, 0
48.4764,0, 0
53.0967,0, 0
57.3758,0, 0
56.7144,0, 0
48.485,0, 0
33.3467,0, 0
13.5759,0, 0
-7.77549,0, 0
-27.528,0, 0
-42.9253,0, 0
-51.8988,0, 0
-52.9399,0, 0
-45.2246,0, 0
-29.3558,0, 0
-8.0299,0, 0
15.2236,0, 0
37.1969,0, 0
55.7982,0, 0
70.5555,0, 0
82.0625,0, 0
91.3105,0, 0
65.4462,0, 0
73.1653,0, 0
80.6115,0, 0
87.753,0, 0
93.9062,0, 0
98.1739,0, 0
99.9533,0, 0
99.1913,0, 0
96.0481,0, 0
90.5901,0, 0
82.7892,0, 0
72.7657,0, 0
61.2458,0, 0
49.5533,0, 0
39.2419,0, 0
31.4322,0, 0
26.7229,0, 0
25.3806,0, 0
27.7111,0, 0
34.2307,0, 0
45.5135,0, 0
66.0824,0, 0
86.5596,0, 0
106.135,0, 0
123.854,0, 0
138.916,0, 0
150.928,0, 0
159.881,0, 0
165.957,0, 0
169.325,0, 0
169.764,0, 0
166.505,0, 0
158.659,0, 0
145.714,0, 0
127.952,0, 0
106.395,0, 0
82.4781,0, 0
57.6315,0, 0
33.0908,0, 0
10.1936,0, 0
-9.39587,0, 0
-24.2085,0, 0
-33.4717,0, 0
-37.3733,0, 0
-36.9053,0, 0
-33.3758,0, 0
-27.8937,0, 0
-21.199,0, 0
-13.781,0, 0
-6.31896,0, 0
0.417463,0, 0
5.54482,0, 0
8.28442,0, 0
8.00956,0, 0
4.36989,0, 0
-2.96725,0, 0
-14.3085,0, 0
-29.9436,0, 0
-49.699,0, 0
-72.7445,0, 0
-97.39,0, 0
-121.559,0, 0
-143.164,0, 0
-160.753,0, 0
-173.641,0, 0
-181.979,0, 0
-186.396,0, 0
-187.831,0, 0
-187.208,0, 0
-185.483,0, 0
-183.393,0, 0
-181.537,0, 0
-180.258,0, 0
-179.719,0, 0
-179.86,0, 0
-180.637,0, 0
-181.821,0, 0
-183.149,0, 0
-184.14,0, 0
-184.442,0, 0
-183.964,0, 0
-183.089,0, 0
-182.396,0, 0
-182.464,0, 0
-183.306,0, 0
-184.51,0, 0
-185.339,0, 0
-185.153,0, 0
-183.833,0, 0
-181.917,0, 0
-180.461,0, 0
-180.551,0, 0
-182.754,0, 0
-186.866,0, 0
-192.176,0, 0
-197.863,0, 0
-203.737,0, 0
-209.929,0, 0
-216.53,0, 0
-223.042,0, 0
-228.417,0, 0
-231.57,0, 0
-232.353,0, 0
-231.641,0, 0
-231.195,0, 0
-232.607,0, 0
-236.694,0, 0
-243.086,0, 0
-250.402,0, 0
-256.908,0, 0
-261.02,0, 0
-261.462,0, 0
-257.475,0, 0
-248.767,0, 0
-235.179,0, 0
-216.417,0, 0
-192.048,0, 0
-161.197,0, 0
-123.608,0, 0
-79.612,0, 0
-31.0268,0, 0
20.2642,0, 0
72.8263,0, 0
126.424,0, 0
180.229,0, 0
232.111,0, 0
277.241,0, 0
310.889,0, 0
329.089,0, 0
330.973,0, 0
317.399,0, 0
291.092,0, 0
255.047,0, 0
213.484,0, 0
169.924,0, 0
127.588,0, 0
87.983,0, 0
53.1562,0, 0
25.9196,0, 0
9.85174,0, 0
6.65043,0, 0
14.8076,0, 0
30.0014,0, 0
48.2953,0, 0
67.8097,0, 0
89.3002,0, 0
113.533,0, 0
138.113,0, 0
157.643,0, 0
165.805,0, 0
160.653,0, 0
145.213,0, 0
127.281,0, 0
113.85,0, 0
107.848,0, 0
106.047,0, 0
104.44,0, 0
100.564,0, 0
96.0945,0, 0
92.4825,0, 0
89.4431,0, 0
83.325,0, 0
70.6633,0, 0
50.3838,0, 0
26.3091,0, 0
4.08065,0, 0
-11.4032,0, 0
-18.4571,0, 0
-17.8705,0, 0
-11.9567,0, 0
-3.51165,0, 0
5.73687,0, 0
15.3747,0, 0
25.5709,0, 0
36.3624,0, 0
48.4218,0, 0
62.2521,0, 0
77.832,0, 0
94.7104,0, 0
112.598,0, 0
131.035,0, 0
149.351,0, 0
166.027,0, 0
178.579,0, 0
183.542,0, 0
178.795,0, 0
164.842,0, 0
144.698,0, 0
122.105,0, 0
100.113,0, 0
80.993,0, 0
67.1903,0, 0
61.3984,0, 0
65.8929,0, 0
81.1692,0, 0
105.465,0, 0
135.431,0, 0
167.68,0, 0
199.892,0, 0
230.493,0, 0
257.894,0, 0
281.078,0, 0
299.624,0, 0
313.608,0, 0
323.067,0, 0
327.203,0, 0
324.073,0, 0
311.819,0, 0
289.455,0, 0
258.212,0, 0
220.37,0, 0
179.137,0, 0
137.604,0, 0
98.7892,0, 0
65.2086,0, 0
39.1557,0, 0
21.4166,0, 0
11.7063,0, 0
8.2911,0, 0
8.7484,0, 0
10.3279,0, 0
10.7356,0, 0
8.39401,0, 0
2.86159,0, 0
-5.54645,0, 0
-15.8289,0, 0
-27.0778,0, 0
-38.7846,0, 0
-50.691,0, 0
-62.391,0, 0
-73.046,0, 0
-81.6354,0, 0
-87.3572,0, 0
-90.0596,0, 0
-90.2503,0, 0
-88.8387,0, 0
-86.6677,0, 0
-84.1101,0, 0
-81.2042,0, 0
-77.8456,0, 0
-73.793,0, 0
-68.7895,0, 0
-62.4718,0, 0
-54.3275,0, 0
-43.4566,0, 0
-28.59,0, 0
-8.52692,0, 0
17.3238,0, 0
48.7662,0, 0
84.6307,0, 0
122.992,0, 0
161.148,0, 0
195.533,0, 0
221.391,0, 0
233.806,0, 0
229.514,0, 0
208.501,0, 0
173.609,0, 0
129.38,0, 0
80.3768,0, 0
30.5308,0, 0
-16.999,0, 0
-59.7148,0, 0
-94.91,0, 0
-120.344,0, 0
-135.566,0, 0
-142.108,0, 0
-143.376,0, 0
-142.987,0, 0
-143.535,0, 0
-145.718,0, 0
-149.029,0, 0
-152.444,0, 0
-155.138,0, 0
-156.901,0, 0
-158.026,0, 0
-158.95,0, 0
-159.844,0, 0
-160.561,0, 0
-160.799,0, 0
-160.447,0, 0
-159.673,0, 0
-158.854,0, 0
-158.26,0, 0
-157.901,0, 0
-157.354,0, 0
-155.938,0, 0
-152.985,0, 0
-148.141,0, 0
-141.397,0, 0
-132.947,0, 0
-122.884,0, 0
-111.127,0, 0
-97.4044,0, 0
-81.5116,0, 0
-63.4821,0, 0
-43.6581,0, 0
-22.508,0, 0
-0.359987,0, 0
22.7506,0, 0
-32.7002,0, 0
-8.54253,0, 0
16.2647,0, 0
40.495,0, 0
62.2153,0, 0
79.2446,0, 0
89.731,0, 0
92.5624,0, 0
87.5056,0, 0
75.2452,0, 0
57.0749,0, 0
41.5573,0, 0
24.9193,0, 0
8.22875,0, 0
-7.87279,0, 0
-23.0862,0, 0
-37.1529,0, 0
-49.7894,0, 0
-60.9132,0, 0
-70.8384,0, 0
-80.2603,0, 0
-91.6826,0, 0
-103.441,0, 0
-115.035,0, 0
-125.738,0, 0
-134.924,0, 0
-142.543,0, 0
-148.88,0, 0
-154.419,0, 0
-159.43,0, 0
-164.102,0, 0
-168.458,0, 0
-172.611,0, 0
-176.469,0, 0
-179.933,0, 0
-182.694,0, 0
-184.539,0, 0
-185.38,0, 0
-185.504,0, 0
-185.335,0, 0
-185.316,0, 0
-185.467,0, 0
-185.426,0, 0
-184.559,0, 0
-182.251,0, 0
-178.056,0, 0
-171.605,0, 0
-162.57,0, 0
-150.654,0, 0
-135.641,0, 0
-117.454,0, 0
-96.359,0, 0
-72.7927,0, 0
-47.4199,0, 0
-20.5392,0, 0
7.55332,0, 0
37.0591,0, 0
68.339,0, 0
101.669,0, 0
136.44,0, 0
171.464,0, 0
205.004,0, 0
235.406,0, 0
260.594,0, 0
278.305,0, 0
285.797,0, 0
280.489,0, 0
261.149,0, 0
228.776,0, 0
186.36,0, 0
138.021,0, 0
87.8039,0, 0
39.1434,0, 0
-5.1461,0, 0
-42.9112,0, 0
-72.6197,0, 0
-93.6461,0, 0
-106.653,0, 0
-113.47,0, 0
-116.438,0, 0
-117.724,0, 0
-118.661,0, 0
-119.594,0, 0
-119.812,0, 0
-117.835,0, 0
-112.742,0, 0
-104.03,0, 0
-91.815,0, 0
-76.9639,0, 0
-60.4886,0, 0
-42.9884,0, 0
-24.6934,0, 0
-5.78257,0, 0
12.8075,0, 0
29.9756,0, 0
44.5997,0, 0
55.8729,0, 0
64.2689,0, 0
70.8791,0, 0
76.5345,0, 0
81.5028,0, 0
85.3035,0, 0
87.7457,0, 0
89.0347,0, 0
89.9491,0, 0
91.2304,0, 0
93.082,0, 0
94.8315,0, 0
95.8212,0, 0
95.5703,0, 0
94.1526,0, 0
90.7512,0, 0
83.9506,0, 0
72.2318,0, 0
56.778,0, 0
41.5846,0, 0
31.2855,0, 0
28.3066,0, 0
33.0073,0, 0
44.4899,0, 0
62.5436,0, 0
86.773,0, 0
115.585,0, 0
144.029,0, 0
165.478,0, 0
176.1,0, 0
176.813,0, 0
170.45,0, 0
159.882,0, 0
146.64,0, 0
131.78,0, 0
116.625,0, 0
103.442,0, 0
94.1454,0, 0
88.7032,0, 0
84.9825,0, 0
81.0572,0, 0
75.6803,0, 0
68.8173,0, 0
61.5301,0, 0
55.8994,0, 0
54.2828,0, 0
58.4733,0, 0
68.9794,0, 0
85.1805,0, 0
105.687,0, 0
129.154,0, 0
154.665,0, 0
181.658,0, 0
209.325,0, 0
236.148,0, 0
259.9,0, 0
277.999,0, 0
287.932,0, 0
287.734,0, 0
276.369,0, 0
253.983,0, 0
222.093,0, 0
183.435,0, 0
141.456,0, 0
99.4704,0, 0
60.16,0, 0
25.5211,0, 0
-2.9411,0, 0
-24.1864,0, 0
-37.8732,0, 0
-44.724,0, 0
-46.6654,0, 0
-46.3873,0, 0
-46.4507,0, 0
-48.3859,0, 0
-52.2381,0, 0
-56.862,0, 0
-60.7821,0, 0
-63.1301,0, 0
-64.0939,0, 0
-64.6246,0, 0
-65.6499,0, 0
-67.4747,0, 0
-69.5897,0, 0
-71.2473,0, 0
-72.0005,0, 0
-71.9982,0, 0
-71.727,0, 0
-71.5219,0, 0
-71.1039,0, 0
-69.549,0, 0
-65.5019,0, 0
-57.7944,0, 0
-45.8825,0, 0
-29.9773,0, 0
-10.8245,0, 0
10.6995,0, 0
33.7879,0, 0
57.6148,0, 0
81.0527,0, 0
102.719,0, 0
121.257,0, 0
135.875,0, 0
146.357,0, 0
152.874,0, 0
155.424,0, 0
153.671,0, 0
146.954,0, 0
134.803,0, 0
117.015,0, 0
94.0369,0, 0
66.8036,0, 0
36.8089,0, 0
5.81256,0, 0
-24.2329,0, 0
-51.5726,0, 0
-74.7295,0, 0
-92.8106,0, 0
-105.498,0, 0
-113.246,0, 0
-116.996,0, 0
-117.988,0, 0
-117.384,0, 0
-116.194,0, 0
-115.044,0, 0
-114.346,0, 0
-114.213,0, 0
-114.525,0, 0
-114.972,0, 0
-115.389,0, 0
-115.88,0, 0
-116.845,0, 0
-118.697,0, 0
-121.656,0, 0
-125.441,0, 0
-129.345,0, 0
-132.572,0, 0
-134.693,0, 0
-135.848,0, 0
-136.623,0, 0
-137.624,0, 0
-139.042,0, 0
-140.539,0, 0
-141.411,0, 0
-141.123,0, 0
-139.429,0, 0
-136.465,0, 0
-132.424,0, 0
-127.447,0, 0
-121.415,0, 0
-114.122,0, 0
-105.355,0, 0
-95.3314,0, 0
-84.7798,0, 0
-75.0882,0, 0
-67.8764,0, 0
-64.5737,0, 0
-65.8023,0, 0
-71.3043,0, 0
-80.0605,0, 0
-90.9148,0, 0
-102.829,0, 0
-115.079,0, 0
-127.015,0, 0
-137.987,0, 0
-147.225,0, 0
-154.16,0, 0
-158.585,0, 0
-160.82,0, 0
-161.503,0, 0
-161.354,0, 0
-160.85,0, 0
-160.033,0, 0
-158.495,0, 0
-155.502,0, 0
-150.071,0, 0
-141.169,0, 0
-127.981,0, 0
-110.074,0, 0
-87.5305,0, 0
-60.804,0, 0
-30.5703,0, 0
2.5979,0, 0
38.2245,0, 0
75.8154,0, 0
114.553,0, 0
153.209,0, 0
190.18,0, 0
223.757,0, 0
252.256,0, 0
274.003,0, 0
287.355,0, 0
290.85,0, 0
283.636,0, 0
265.753,0, 0
238.374,0, 0
203.522,0, 0
163.76,0, 0
121.941,0, 0
81.0702,0, 0
43.8669,0, 0
12.2932,0, 0
-12.889,0, 0
-32.1259,0, 0
-322.408,0, 0
-331.127,0, 0
-337.607,0, 0
-342.417,0, 0
-345.958,0, 0
-348.618,0, 0
-350.759,0, 0
-352.594,0, 0
-354.067,0, 0
-354.878,0, 0
-354.768,0, 0
-353.73,0, 0
-352.01,0, 0
-349.888,0, 0
-347.428,0, 0
-344.358,0, 0
-340.125,0, 0
-334.033,0, 0
-325.599,0, 0
-314.632,0, 0
-301.262,0, 0
-285.879,0, 0
-269.08,0, 0
-251.299,0, 0
-232.398,0, 0
-211.081,0, 0
-185.232,0, 0
-152.917,0, 0
-113.81,0, 0
-69.8278,0, 0
-24.7248,0, 0
17.2436,0, 0
52.2193,0, 0
77.1556,0, 0
88.9368,0, 0
84.3017,0, 0
61.0124,0, 0
19.798,0, 0
-34.5612,0, 0
-94.1387,0, 0
-151.084,0, 0
-200.557,0, 0
-241.311,0, 0
-274.008,0, 0
-299.003,0, 0
-315.856,0, 0
-324.112,0, 0
-323.718,0, 0
-313.762,0, 0
-291.692,0, 0
-253.874,0, 0
-198.685,0, 0
-127.896,0, 0
-46.4422,0, 0
39.691,0, 0
125.383,0, 0
205.759,0, 0
274.306,0, 0
323.208,0, 0
346.178,0, 0
341.935,0, 0
315.738,0, 0
277.207,0, 0
236.93,0, 0
202.683,0, 0
178.368,0, 0
164.576,0, 0
160.229,0, 0
163.943,0, 0
174.465,0, 0
189.346,0, 0
204.27,0, 0
214.194,0, 0
215.494,0, 0
207.752,0, 0
192.914,0, 0
174.088,0, 0
152.915,0, 0
129.872,0, 0
105.56,0, 0
82.8826,0, 0
65.3637,0, 0
55.8141,0, 0
55.3341,0, 0
64.4975,0, 0
83.5081,0, 0
113.03,0, 0
153.103,0, 0
201.973,0, 0
255.153,0, 0
307.42,0, 0
354.451,0, 0
393.596,0, 0
423.598,0, 0
444.397,0, 0
456.736,0, 0
461.751,0, 0
461.338,0, 0
457.786,0, 0
452.937,0, 0
446.324,0, 0
436.056,0, 0
419.361,0, 0
394.696,0, 0
361.661,0, 0
322.138,0, 0
278.511,0, 0
233.383,0, 0
188.585,0, 0
146.329,0, 0
107.95,0, 0
74.8884,0, 0
47.9433,0, 0
28.7321,0, 0
18.0641,0, 0
15.6502,0, 0
19.0411,0, 0
24.5216,0, 0
28.0685,0, 0
26.6264,0, 0
19.1032,0, 0
59.8488,0, 0
81.0496,0, 0
95.5448,0, 0
113.755,0, 0
136.507,0, 0
157.5,0, 0
172.647,0, 0
182.236,0, 0
189.862,0, 0
198.851,0, 0
209.462,0, 0
219.436,0, 0
225.911,0, 0
226.174,0, 0
218.047,0, 0
199.896,0, 0
171.842,0, 0
135.73,0, 0
94.2598,0, 0
49.4138,0, 0
2.31673,0, 0
-45.8506,0, 0
-92.6897,0, 0
-134.885,0, 0
-169.213,0, 0
-194.187,0, 0
-210.148,0, 0
-218.145,0, 0
-219.234,0, 0
-214.696,0, 0
-206.305,0, 0
-196.159,0, 0
-186.445,0, 0
-178.985,0, 0
-175.058,0, 0
-175.321,0, 0
-179.833,0, 0
-187.515,0, 0
-196.44,0, 0
-204.716,0, 0
-210.477,0, 0
-210.697,0, 0
-201.063,0, 0
-177.095,0, 0
-135.926,0, 0
-78.0144,0, 0
-7.20071,0, 0
71.4124,0, 0
154.117,0, 0
237.542,0, 0
315.713,0, 0
379.555,0, 0
419.156,0, 0
427.328,0, 0
403.252,0, 0
353.057,0, 0
286.16,0, 0
210.776,0, 0
132.238,0, 0
54.0678,0, 0
58.2271,0, 0
54.6152,0, 0
45.1449,0, 0
33.6973,0, 0
24.3925,0, 0
19.8422,0, 0
20.4681,0, 0
25.1223,0, 0
32.0265,0, 0
39.6608,0, 0
46.6043,0, 0
51.7775,0, 0
54.2538,0, 0
53.4315,0, 0
49.0128,0, 0
41.2946,0, 0
31.0008,0, 0
19.6879,0, 0
9.3797,0, 0
2.06291,0, 0
-1.13843,0, 0
-0.151987,0, 0
3.99615,0, 0
9.95062,0, 0
16.4799,0, 0
22.9779,0, 0
29.1612,0, 0
34.9014,0, 0
40.0403,0, 0
44.4768,0, 0
48.1813,0, 0
51.3135,0, 0
54.1316,0, 0
56.9138,0, 0
59.7511,0, 0
62.5108,0, 0
64.7648,0, 0
66.092,0, 0
66.2067,0, 0
65.1058,0, 0
62.8662,0, 0
59.35,0, 0
54.3415,0, 0
47.8019,0, 0
39.9614,0, 0
31.227,0, 0
21.996,0, 0
12.3005,0, 0
1.89716,0, 0
-9.36009,0, 0
-20.9414,0, 0
-32.1692,0, 0
-42.6097,0, 0
-52.1233,0, 0
-60.6684,0, 0
-68.3481,0, 0
-74.8896,0, 0
-79.6797,0, 0
-82.3309,0, 0
-83.4582,0, 0
-84.2664,0, 0
-85.8054,0, 0
-88.474,0, 0
-91.8021,0, 0
-94.7283,0, 0
-96.2234,0, 0
-95.8936,0, 0
-93.783,0, 0
-89.8095,0, 0
-83.6307,0, 0
-74.9724,0, 0
-63.9271,0, 0
-50.9068,0, 0
-36.6194,0, 0
-21.905,0, 0
-7.58716,0, 0
6.10976,0, 0
19.2575,0, 0
32.1406,0, 0
44.7523,0, 0
-5.47619,0, 0
-47.3519,0, 0
-76.5424,0, 0
-93.7472,0, 0
-103.125,0, 0
-109.36,0, 0
-115.56,0, 0
-122.481,0, 0
-130.506,0, 0
-141.048,0, 0
-156.823,0, 0
-179.772,0, 0
-209.425,0, 0
-241.133,0, 0
-268.105,0, 0
-284.335,0, 0
-288.099,0, 0
-281.124,0, 0
-266.877,0, 0
-247.816,0, 0
-225.36,0, 0
-199.737,0, 0
-172.279,0, 0
-145.266,0, 0
-121.661,0, 0
-103.03,0, 0
-89.6665,0, 0
-80.1761,0, 0
-72.3941,0, 0
-63.6074,0, 0
-52.6162,0, 0
-39.9913,0, 0
-27.569,0, 0
-16.6673,0, 0
-6.57957,0, 0
5.97825,0, 0
25.3295,0, 0
54.2095,0, 0
92.2014,0, 0
-166.92,0, 0
-123.052,0, 0
-79.8578,0, 0
-39.5421,0, 0
-3.96717,0, 0
24.8663,0, 0
44.7827,0, 0
54.4501,0, 0
53.7347,0, 0
44.0463,0, 0
27.8672,0, 0
8.61543,0, 0
-10.6068,0, 0
-27.5516,0, 0
-41.4219,0, 0
-52.4932,0, 0
-61.7415,0, 0
-69.8747,0, 0
-76.9148,0, 0
-82.2735,0, 0
-85.5969,0, 0
-87.0727,0, 0
-87.3499,0, 0
-87.1545,0, 0
-87.0224,0, 0
-87.091,0, 0
-86.9902,0, 0
-86.0191,0, 0
-83.227,0, 0
-77.4121,0, 0
-67.4858,0, 0
-53.2388,0, 0
-35.5799,0, 0
-16.0323,0, 0
4.16174,0, 0
24.6654,0, 0
45.8983,0, 0
68.2875,0, 0
91.1214,0, 0
112.496,0, 0
130.317,0, 0
143.568,0, 0
152.764,0, 0
159.758,0, 0
166.753,0, 0
175.456,0, 0
186.609,0, 0
200.341,0, 0
216.563,0, 0
235.089,0, 0
255.7,0, 0
225.226,0, 0
192.435,0, 0
159.516,0, 0
128.743,0, 0
102.318,0, 0
81.8591,0, 0
67.9775,0, 0
60.0649,0, 0
56.5237,0, 0
55.3574,0, 0
54.8572,0, 0
54.0051,0, 0
52.5358,0, 0
50.6559,0, 0
48.7626,0, 0
47.1674,0, 0
46.0127,0, 0
45.3056,0, 0
44.9971,0, 0
45.1211,0, 0
45.8831,0, 0
47.6128,0, 0
50.6466,0, 0
55.1485,0, 0
61.0101,0, 0
67.9112,0, 0
75.4671,0, 0
83.4653,0, 0
91.8657,0, 0
100.713,0, 0
109.873,0, 0
118.781,0, 0
126.348,0, 0
131.282,0, 0
132.542,0, 0
129.7,0, 0
122.922,0, 0
112.76,0, 0
99.8714,0, 0
84.9555,0, 0
68.9253,0, 0
53.0821,0, 0
39.0111,0, 0
28.1383,0, 0
21.3052,0, 0
18.5109,0, 0
19.0236,0, 0
21.6651,0, 0
25.2645,0, 0
28.8856,0, 0
30.9021,0, 0
32.3132,0, 0
32.8795,0, 0
32.57,0, 0
31.5397,0, 0
29.9441,0, 0
27.9552,0, 0
25.7321,0, 0
23.447,0, 0
21.1961,0, 0
19.0623,0, 0
17.063,0, 0
15.2433,0, 0
13.6386,0, 0
12.3283,0, 0
11.3589,0, 0
10.7613,0, 0
10.5634,0, 0
11.0119,0, 0
12.5326,0, 0
15.672,0, 0
20.7149,0, 0
27.6753,0, 0
36.6054,0, 0
48.1881,0, 0
63.7803,0, 0
84.8829,0, 0
111.959,0, 0
143.663,0, 0
176.762,0, 0
207.066,0, 0
230.54,0, 0
244.165,0, 0
246.157,0, 0
236.023,0, 0
214.483,0, 0
183.506,0, 0
146.15,0, 0
106.322,0, 0
68.232,0, 0
35.6849,0, 0
11.2305,0, 0
-4.32986,0, 0
-11.9988,0, 0
-14.0518,0, 0
-13.178,0, 0
-11.573,0, 0
-10.539,0, 0
-10.4415,0, 0
-11.0385,0, 0
-11.8012,0, 0
-12.3188,0, 0
-12.4621,0, 0
-12.4044,0, 0
-12.402,0, 0
-12.6604,0, 0
-13.1606,0, 0
-13.7868,0, 0
-14.4398,0, 0
-15.1824,0, 0
-16.1614,0, 0
-17.5596,0, 0
-19.4008,0, 0
-21.5197,0, 0
-23.518,0, 0
-25.0347,0, 0
-25.9198,0, 0
-26.38,0, 0
-26.8739,0, 0
-28.0415,0, 0
-17.3613,0, 0
-8.44103,0, 0
-2.2757,0, 0
0.538207,0, 0
-0.100891,0, 0
-3.91339,0, 0
-10.5589,0, 0
-19.8359,0, 0
-31.7539,0, 0
-46.3754,0, 0
-55.1763,0, 0
-68.9662,0, 0
-87.6989,0, 0
-111.053,0, 0
-138.416,0, 0
-168.782,0, 0
-200.855,0, 0
-232.963,0, 0
-263.26,0, 0
-289.873,0, 0
-311.359,0, 0
-326.972,0, 0
-337.023,0, 0
-342.707,0, 0
-345.665,0, 0
-347.182,0, 0
-347.969,0, 0
-348.037,0, 0
-347.225,0, 0
-345.534,0, 0
-343.389,0, 0
-341.335,0, 0
-339.754,0, 0
-338.577,0, 0
-337.429,0, 0
-335.468,0, 0
-331.744,0, 0
-325.458,0, 0
-316.183,0, 0
-303.766,0, 0
-288.282,0, 0
-270.429,0, 0
-252.077,0, 0
-235.836,0, 0
-223.985,0, 0
-217.718,0, 0
-217.232,0, 0
-223.102,0, 0
-237.551,0, 0
-263.954,0, 0
-303.749,0, 0
-353.328,0, 0
-404.01,0, 0
-445.396,0, 0
-469.794,0, 0
-475.627,0, 0
-466.412,0, 0
-445.936,0, 0
-415.259,0, 0
-374.427,0, 0
-326.333,0, 0
-278.437,0, 0
-241.253,0, 0
-223.215,0, 0
-225.63,0, 0
-242.292,0, 0
-265.288,0, 0
-289.787,0, 0
-314.91,0, 0
-341.221,0, 0
-368.295,0, 0
-393.23,0, 0
-412.251,0, 0
-422.861,0, 0
-425.201,0, 0
-420.476,0, 0
-409.366,0, 0
-391.522,0, 0
-366.429,0, 0
-333.955,0, 0
-306.55,0, 0
-270.938,0, 0
-225.582,0, 0
-169.929,0, 0
-103.736,0, 0
-27.6357,0, 0
56.4452,0, 0
145.118,0, 0
233.544,0, 0
315.58,0, 0
385.275,0, 0
438.538,0, 0
473.656,0, 0
491.249,0, 0
494.317,0, 0
487.785,0, 0
477.314,0, 0
468.026,0, 0
463.014,0, 0
462.683,0, 0
465.446,0, 0
469.53,0, 0
473.621,0, 0
476.122,0, 0
474.502,0, 0
465.731,0, 0
447.103,0, 0
417.105,0, 0
376.211,0, 0
327.066,0, 0
274.38,0, 0
224.491,0, 0
184.341,0, 0
159.291,0, 0
151.467,0, 0
159.707,0, 0
181.232,0, 0
212.579,0, 0
250.227,0, 0
290.568,0, 0
330.027,0, 0
365.281,0, 0
394.121,0, 0
416.006,0, 0
432.072,0, 0
444.39,0, 0
455.517,0, 0
467.734,0, 0
482.154,0, 0
700.731,0, 0
716.77,0, 0
732.775,0, 0
748.33,0, 0
763.466,0, 0
778.005,0, 0
790.06,0, 0
794.093,0, 0
779.853,0, 0
736.722,0, 0
663.103,0, 0
572.438,0, 0
485.397,0, 0
413.246,0, 0
350.667,0, 0
287.047,0, 0
221.346,0, 0
165.587,0, 0
135.032,0, 0
132.051,0, 0
141.301,0, 0
145.691,0, 0
145.33,0, 0
156.66,0, 0
191.644,0, 0
244.811,0, 0
299.335,0, 0
338.738,0, 0
357.303,0, 0
361.235,0, 0
358.603,0, 0
350.839,0, 0
335.209,0, 0
311.148,0, 0
283.64,0, 0
260.249,0, 0
249.349,0, 0
255.72,0, 0
275.936,0, 0
298.413,0, 0
309.709,0, 0
301.092,0, 0
274.629,0, 0
239.841,0, 0
207.439,0, 0
182.606,0, 0
165.023,0, 0
148.72,0, 0
126.596,0, 0
92.8964,0, 0
47.212,0, 0
-5.85305,0, 0
-57.0218,0, 0
-98.4466,0, 0
-126.517,0, 0
-143.774,0, 0
-152.76,0, 0
-154.544,0, 0
-147.283,0, 0
-129.278,0, 0
-102.77,0, 0
-77.2721,0, 0
-63.51,0, 0
-68.0633,0, 0
-89.8495,0, 0
-122.327,0, 0
-156.988,0, 0
-187.742,0, 0
-213.376,0, 0
-235.66,0, 0
-256.063,0, 0
-274.807,0, 0
-291.097,0, 0
-303.767,0, 0
-312.619,0, 0
-318.507,0, 0
-322.766,0, 0
-326.295,0, 0
-329.466,0, 0
-332.248,0, 0
-334.571,0, 0
-336.312,0, 0
-337.372,0, 0
-337.635,0, 0
-337.204,0, 0
-336.33,0, 0
-335.464,0, 0
-335.041,0, 0
-335.375,0, 0
-336.412,0, 0
-337.701,0, 0
-338.485,0, 0
-337.928,0, 0
-335.271,0, 0
-329.975,0, 0
-321.668,0, 0
-310.14,0, 0
-295.513,0, 0
-278.456,0, 0
-260.281,0, 0
-242.662,0, 0
-227.367,0, 0
-215.938,0, 0
-209.498,0, 0
-208.619,0, 0
-213.344,0, 0
-223.014,0, 0
-236.188,0, 0
-251.299,0, 0
-267.1,0, 0
-282.765,0, 0
-297.752,0, 0
-311.142,0, 0
-322.549,0, 0
-332.386,0, 0
-339.647,0, 0
-341.133,0, 0
-332.632,0, 0
-313.016,0, 0
-284.321,0, 0
-251.435,0, 0
-219.503,0, 0
-191.376,0, 0
-165.523,0, 0
-141.401,0, 0
-120.205,0, 0
-103.759,0, 0
-90.9965,0, 0
-79.0739,0, 0
-64.9701,0, 0
-46.1666,0, 0
-23.2631,0, 0
0.858003,0, 0
22.8854,0, 0
40.5029,0, 0
50.3189,0, 0
50.7778,0, 0
40.1801,0, 0
21.5441,0, 0
0.147445,0, 0
-14.7511,0, 0
-17.7061,0, 0
-8.9288,0, 0
3.29018,0, 0
9.51013,0, 0
1.60471,0, 0
-20.0584,0, 0
-51.5031,0, 0
-89.6603,0, 0
-136.225,0, 0
-193.097,0, 0
-258.395,0, 0
-324.472,0, 0
-381.609,0, 0
-422.541,0, 0
-446.469,0, 0
-457.965,0, 0
-462.565,0, 0
-463.763,0, 0
-462.604,0, 0
-458.79,0, 0
-447.138,0, 0
-431.795,0, 0
-412.602,0, 0
-389.932,0, 0
-364.69,0, 0
-338.163,0, 0
-311.322,0, 0
-284.803,0, 0
-258.845,0, 0
-234.042,0, 0
-211.527,0, 0
-192.696,0, 0
-178.256,0, 0
-167.815,0, 0
-159.951,0, 0
-153.022,0, 0
-146.165,0, 0
-139.757,0, 0
-134.808,0, 0
-131.861,0, 0
-130.547,0, 0
-129.825,0, 0
-128.747,0, 0
-127.124,0, 0
-125.638,0, 0
-125.061,0, 0
-125.589,0, 0
-126.674,0, 0
-127.551,0, 0
-127.64,0, 0
-126.838,0, 0
-125.298,0, 0
-123.09,0, 0
-119.957,0, 0
-115.574,0, 0
-109.826,0, 0
-102.964,0, 0
-95.4869,0, 0
-87.8942,0, 0
-80.3734,0, 0
-72.5425,0, 0
-63.7013,0, 0
-53.1605,0, 0
-40.7647,0, 0
-27.0941,0, 0
-13.5564,0, 0
-1.78661,0, 0
6.76465,0, 0
11.3608,0, 0
12.048,0, 0
9.65926,0, 0
5.25588,0, 0
-0.143998,0, 0
-5.58654,0, 0
-9.5884,0, 0
-10.1153,0, 0
-4.8551,0, 0
8.11352,0, 0
29.4227,0, 0
58.199,0, 0
92.3659,0, 0
128.975,0, 0
164.484,0, 0
195.682,0, 0
221.088,0, 0
241.75,0, 0
259.854,0, 0
276.458,0, 0
289.789,0, 0
295.755,0, 0
290.722,0, 0
274.513,0, 0
250.143,0, 0
221.18,0, 0
188.835,0, 0
152.243,0, 0
110.707,0, 0
65.8633,0, 0
21.8449,0, 0
-16.5664,0, 0
-46.5621,0, 0
-67.8707,0, 0
-81.6847,0, 0
-89.3067,0, 0
-91.7832,0, 0
-90.1605,0, 0
-85.6034,0, 0
-79.449,0, 0
-73.1669,0, 0
-67.9433,0, 0
-64.4643,0, 0
-62.9692,0, 0
-63.0767,0, 0
-63.9757,0, 0
-64.7552,0, 0
-64.8168,0, 0
-63.6462,0, 0
-60.4073,0, 0
-54.0979,0, 0
-43.9216,0, 0
-30.1486,0, 0
-14.5139,0, 0
0.0473545,0, 0
10.8639,0, 0
16.5059,0, 0
17.2114,0, 0
14.2244,0, 0
9.28602,0, 0
4.15995,0, 0
1.27396,0, 0
3.34649,0, 0
12.9889,0, 0
31.5134,0, 0
59.0466,0, 0
94.5145,0, 0
136.292,0, 0
181.928,0, 0
228.31,0, 0
272.238,0, 0
312.184,0, 0
348.728,0, 0
383.303,0, 0
415.991,0, 0
444.805,0, 0
467.245,0, 0
482.609,0, 0
492.732,0, 0
499.817,0, 0
504.216,0, 0
504.247,0, 0
489.889,0, 0
470.635,0, 0
451.661,0, 0
438.768,0, 0
436.086,0, 0
445.104,0, 0
465.28,0, 0
495.221,0, 0
533.019,0, 0
130.43,0, 0
174.978,0, 0
215.844,0, 0
247.583,0, 0
265.326,0, 0
265.874,0, 0
248.555,0, 0
215.312,0, 0
170.013,0, 0
117.716,0, 0
63.52,0, 0
11.968,0, 0
-33.4289,0, 0
-70.0865,0, 0
-96.7033,0, 0
-113.284,0, 0
-121.239,0, 0
-122.897,0, 0
-121.285,0, 0
-119.072,0, 0
-117.93,0, 0
-118.27,0, 0
-119.642,0, 0
-121.224,0, 0
-122.566,0, 0
-123.747,0, 0
-125.172,0, 0
-127.035,0, 0
-129.205,0, 0
-131.352,0, 0
-132.973,0, 0
-133.719,0, 0
-133.315,0, 0
-131.586,0, 0
-128.191,0, 0
-122.866,0, 0
-115.229,0, 0
-105.116,0, 0
-92.5925,0, 0
-78.3568,0, 0
-63.6067,0, 0
-49.8974,0, 0
-38.4732,0, 0
-30.1972,0, 0
-25.3452,0, 0
-23.835,0, 0
-25.3415,0, 0
-29.4152,0, 0
-35.4051,0, 0
-41.747,0, 0
-46.3525,0, 0
-48.4427,0, 0
-48.7735,0, 0
-49.2343,0, 0
-51.5068,0, 0
-56.0248,0, 0
-61.3444,0, 0
-65.4151,0, 0
-67.2158,0, 0
-67.3852,0, 0
-65.8759,0, 0
-62.1067,0, 0
-55.225,0, 0
-44.9365,0, 0
-31.7178,0, 0
-17.3078,0, 0
-3.75383,0, 0
7.22904,0, 0
14.8823,0, 0
18.7966,0, 0
19.4963,0, 0
18.3663,0, 0
16.604,0, 0
14.1668,0, 0
9.95506,0, 0
2.74341,0, 0
-7.67335,0, 0
-20.18,0, 0
-33.0402,0, 0
-45.2184,0, 0
-56.6759,0, 0
-67.7826,0, 0
-78.2382,0, 0
-87.0083,0, 0
-92.8098,0, 0
-94.8923,0, 0
-93.2757,0, 0
-88.4146,0, 0
-80.5298,0, 0
-69.499,0, 0
-55.1553,0, 0
-37.4896,0, 0
-17.2745,0, 0
4.76573,0, 0
27.552,0, 0
49.8432,0, 0
70.5634,0, 0
89.1534,0, 0
104.993,0, 0
117.729,0, 0
127.023,0, 0
133.009,0, 0
135.946,0, 0
136.523,0, 0
135.054,0, 0
131.608,0, 0
125.925,0, 0
118.584,0, 0
110.381,0, 0
102.303,0, 0
94.9526,0, 0
88.81,0, 0
84.0743,0, 0
81.1182,0, 0
80.0853,0, 0
80.7902,0, 0
82.4654,0, 0
84.3837,0, 0
86.1047,0, 0
87.5251,0, 0
88.6354,0, 0
89.3705,0, 0
89.5203,0, 0
88.9341,0, 0
87.6516,0, 0
85.9984,0, 0
84.2999,0, 0
82.8262,0, 0
81.5964,0, 0
80.6438,0, 0
79.9921,0, 0
79.7779,0, 0
80.0218,0, 0
80.6642,0, 0
81.4389,0, 0
82.1809,0, 0
82.8763,0, 0
83.7359,0, 0
84.8588,0, 0
86.1842,0, 0
87.5412,0, 0
88.835,0, 0
90.0557,0, 0
91.2941,0, 0
92.5437,0, 0
93.6939,0, 0
94.6238,0, 0
95.3251,0, 0
95.9034,0, 0
96.3737,0, 0
96.6176,0, 0
96.4004,0, 0
95.5855,0, 0
94.246,0, 0
92.6156,0, 0
90.8182,0, 0
88.7396,0, 0
86.0108,0, 0
82.3559,0, 0
77.8714,0, 0
72.7305,0, 0
66.4525,0, 0
57.7955,0, 0
45.3163,0, 0
28.3314,0, 0
7.42523,0, 0
-15.6826,0, 0
-39.1158,0, 0
-61.6912,0, 0
-82.6162,0, 0
-100.696,0, 0
-114.33,0, 0
-122.304,0, 0
-124.498,0, 0
-122.097,0, 0
-117.078,0, 0
-111.299,0, 0
-105.823,0, 0
-101.121,0, 0
-97.4232,0, 0
-94.7914,0, 0
-93.0096,0, 0
-91.8269,0, 0
-91.1716,0, 0
-91.2772,0, 0
-92.4051,0, 0
-94.6506,0, 0
-97.7301,0, 0
-101.217,0, 0
-104.841,0, 0
-108.603,0, 0
-112.436,0, 0
-115.876,0, 0
-117.98,0, 0
-117.748,0, 0
-114.596,0, 0
-108.621,0, 0
-100.376,0, 0
-90.3786,0, 0
-78.7543,0, 0
-65.4007,0, 0
-50.3702,0, 0
-34.1517,0, 0
-17.6821,0, 0
-2.00401,0, 0
12.0108,0, 0
23.7848,0, 0
32.8864,0, 0
38.9875,0, 0
41.9454,0, 0
41.9689,0, 0
39.6256,0, 0
35.8026,0, 0
31.3701,0, 0
27.043,0, 0
23.2608,0, 0
20.3344,0, 0
18.4343,0, 0
17.6319,0, 0
17.7374,0, 0
18.3095,0, 0
18.6204,0, 0
18.0138,0, 0
16.0697,0, 0
12.8275,0, 0
8.6286,0, 0
3.95426,0, 0
-0.847428,0, 0
-5.4713,0, 0
-9.60819,0, 0
-12.813,0, 0
-14.6784,0, 0
-14.9995,0, 0
-13.912,0, 0
-11.7963,0, 0
-9.05615,0, 0
-5.97499,0, 0
-2.74495,0, 0
0.442643,0, 0
3.43732,0, 0
6.18855,0, 0
8.82355,0, 0
11.5487,0, 0
14.5121,0, 0
17.6693,0, 0
20.8724,0, 0
23.9466,0, 0
26.7446,0, 0
29.1009,0, 0
30.7629,0, 0
31.4246,0, 0
30.8643,0, 0
29.1401,0, 0
26.5542,0, 0
23.4714,0, 0
20.1012,0, 0
16.3873,0, 0
12.0267,0, 0
6.7328,0, 0
0.525892,0, 0
-6.18035,0, 0
-12.7279,0, 0
-18.4707,0, 0
-22.9556,0, 0
-26.0074,0, 0
-27.602,0, 0
-27.6884,0, 0
-26.1536,0, 0
-22.9446,0, 0
-18.2267,0, 0
-12.4849,0, 0
-6.4574,0, 0
-0.922339,0, 0
3.60246,0, 0
6.9971,0, 0
9.4541,0, 0
11.2349,0, 0
12.3983,0, 0
12.7283,0, 0
11.8683,0, 0
9.57188,0, 0
5.8539,0, 0
0.987023,0, 0
-4.6532,0, 0
-10.7388,0, 0
-16.9018,0, 0
-22.6741,0, 0
-27.4256,0, 0
-30.5768,0, 0
-31.7422,0, 0
-30.9834,0, 0
-28.7024,0, 0
-25.4918,0, 0
-21.8369,0, 0
-18.1944,0, 0
-14.9084,0, 0
-12.3276,0, 0
-10.7194,0, 0
-10.2698,0, 0
-10.8879,0, 0
-13.9313,0, 0
-11.9792,0, 0
-10.1907,0, 0
-8.35309,0, 0
-6.37611,0, 0
-3.95378,0, 0
-0.976929,0, 0
2.74339,0, 0
7.06233,0, 0
11.8516,0, 0
16.4848,0, 0
20.2083,0, 0
21.961,0, 0
21.1115,0, 0
17.1047,0, 0
10.4799,0, 0
2.03367,0, 0
-7.15913,0, 0
-16.1629,0, 0
-23.6619,0, 0
-28.2961,0, 0
0,0, 0
0,0, 0
0,0, 0
0,0, 0
0,0, 0
0,0, 0
0,0, 0
0,0, 0
0,0, 0
0,0, 0
0,0, 0
0,0, 0
0,0, 0
0,0, 0
0,0, 0
0,0, 0
0,0, 0
0,0, 0
0,0, 0
0,0, 0
0,0, 0
0,0, 0
0,0, 0
0,0, 0
0,0, 0
0,0, 0
0,0, 0
0,0, 0
0,0, 0
0,0, 0
0,0, 0
0,0, 0
0,0, 0
0,0, 0
0,0, 0
0,0, 0
0,0, 0
0,0, 0
0,0, 0
0,0, 0
0,0, 0
0,0, 0
0,0, 0
0,0, 0
0,0, 0
0,0, 0
0,0, 0
0,0, 0
0,0, 0
0,0, 0
0,0, 0
0,0, 0
0,0, 0
0,0, 0
0,0, 0
0,0, 0
0,0, 0
0,0, 0
0,0, 0
0,0, 0
0,0, 0
0,0, 0
0,0, 0
0,0, 0
0,0, 0
0,0, 0
0,0, 0
0,0, 0
0,0, 0
0,0, 0
0,0, 0
0,0, 0
0,0, 0
0,0, 0
0,0, 0
0,0, 0
0,0, 0
0,0, 0
0,0, 0
0,0, 0
0,0, 0
0,0, 0
0,0, 0
0,0, 0
0,0, 0
0,0, 0
0,0, 0
0,0, 0
0,0, 0
0,0, 0
0,0, 0
0,0, 0
0,0, 0
0,0, 0
0,0, 0
0,0, 0
0,0, 0
0,0, 0
0,0, 0
0,0, 0
0,0, 0
0,0, 0
0,0, 0
0,0, 0
0,0, 0
0,0, 0
0,0, 0
0,0, 0
0,0, 0
0,0, 0
0,0, 0
0,0, 0
0,0, 0
0,0, 0
0,0, 0
0,0, 0
0,0, 0
0,0, 0
0,0, 0
-86.255,0, 0
-131.018,0, 0
-167.989,0, 0
-196.779,0, 0
-218.155,0, 0
-233.658,0, 0
-245.057,0, 0
-253.697,0, 0
-260.279,0, 0
-265.074,0, 0
-268.31,0, 0
-270.348,0, 0
-271.704,0, 0
-272.801,0, 0
-273.971,0, 0
-275.189,0, 0
-276.291,0, 0
-277.1,0, 0
-277.539,0, 0
-277.572,0, 0
-277.237,0, 0
-276.512,0, 0
-275.471,0, 0
-274.159,0, 0
-272.645,0, 0
-270.936,0, 0
-268.866,0, 0
-266.18,0, 0
-262.62,0, 0
-257.879,0, 0
-250.222,0, 0
-239.696,0, 0
-225.045,0, 0
-204.946,0, 0
-178.432,0, 0
-145.517,0, 0
-107.237,0, 0
-65.4016,0, 0
-22.2086,0, 0
20.034,0, 0
59.2063,0, 0
93.3266,0, 0
120.382,0, 0
138.704,0, 0
147.236,0, 0
145.848,0, 0
135.277,0, 0
116.844,0, 0
92.4797,0, 0
64.3943,0, 0
34.6926,0, 0
5.37075,0, 0
-21.0195,0, 0
-41.7635,0, 0
-54.4765,0, 0
-58.3079,0, 0
-53.7965,0, 0
-43.1096,0, 0
-28.7172,0, 0
-12.1728,0, 0
6.33388,0, 0
25.9194,0, 0
44.787,0, 0
60.1075,0, 0
69.3725,0, 0
71.1933,0, 0
66.3445,0, 0
56.8816,0, 0
44.8119,0, 0
31.2019,0, 0
16.9375,0, 0
3.21338,0, 0
-7.94708,0, 0
-13.7885,0, 0
-11.8507,0, 0
-1.11729,0, 0
17.6915,0, 0
42.4975,0, 0
70.632,0, 0
99.5872,0, 0
127.657,0, 0
153.755,0, 0
177.138,0, 0
197.554,0, 0
215.326,0, 0
230.767,0, 0
243.424,0, 0
252.085,0, 0
255.39,0, 0
251.916,0, 0
240.87,0, 0
223.189,0, 0
202.069,0, 0
181.8,0, 0
165.814,0, 0
154.521,0, 0
144.781,0, 0
132.139,0, 0
114.928,0, 0
95.9349,0, 0
79.4544,0, 0
66.6487,0, 0
54.0479,0, 0
36.6512,0, 0
13.0979,0, 0
-11.9736,0, 0
-30.9899,0, 0
-39.0378,0, 0
-37.3638,0, 0
-31.6634,0, 0
-27.3416,0, 0
-25.9722,0, 0
-25.9298,0, 0
-24.8726,0, 0
-21.9924,0, 0
-18.0267,0, 0
-14.1291,0, 0
-10.4252,0, 0
-5.9914,0, 0
0.283397,0, 0
8.83364,0, 0
19.599,0, 0
32.0687,0, 0
45.4944,0, 0
58.7873,0, 0
70.6266,0, 0
79.7206,0, 0
85.617,0, 0
88.8709,0, 0
90.5991,0, 0
91.6971,0, 0
92.7248,0, 0
94.0086,0, 0
95.9842,0, 0
99.116,0, 0
103.597,0, 0
108.775,0, 0
113.358,0, 0
115.823,0, 0
115.142,0, 0
110.938,0, 0
103.501,0, 0
93.4119,0, 0
81.4264,0, 0
68.3358,0, 0
55.1221,0, 0
42.7861,0, 0
32.196,0, 0
23.7868,0, 0
17.5484,0, 0
13.106,0, 0
9.96922,0, 0
7.72851,0, 0
6.14778,0, 0
5.11384,0, 0
4.52827,0, 0
4.25896,0, 0
4.1316,0, 0
4.0046,0, 0
3.80558,0, 0
2.52815,0, 0
1.57051,0, 0
1.17331,0, 0
1.41322,0, 0
2.2106,0, 0
3.33688,0, 0
4.64269,0, 0
6.06852,0, 0
7.80192,0, 0
10.403,0, 0
14.8067,0, 0
22.2019,0, 0
33.6667,0, 0
49.939,0, 0
71.4584,0, 0
98.3746,0, 0
130.608,0, 0
167.799,0, 0
208.979,0, 0
252.467,0, 0
296.045,0, 0
337.446,0, 0
374.875,0, 0
407.177,0, 0
433.915,0, 0
455.318,0, 0
471.897,0, 0
484.089,0, 0
491.939,0, 0
494.971,0, 0
492.333,0, 0
483.26,0, 0
467.44,0, 0
445.143,0, 0
416.905,0, 0
383.413,0, 0
345.569,0, 0
304.734,0, 0
262.78,0, 0
221.953,0, 0
184.299,0, 0
151.267,0, 0
123.584,0, 0
101.477,0, 0
84.8535,0, 0
73.2188,0, 0
65.6839,0, 0
61.1531,0, 0
58.5589,0, 0
57.1679,0, 0
56.5498,0, 0
56.2278,0, 0
55.385,0, 0
53.082,0, 0
48.6541,0, 0
42.1267,0, 0
34.0136,0, 0
25.1198,0, 0
16.0253,0, 0
6.99726,0, 0
-1.98466,0, 0
-10.8751,0, 0
-19.5466,0, 0
-27.5619,0, 0
-34.1671,0, 0
-38.2747,0, 0
-38.733,0, 0
-34.5941,0, 0
-25.3481,0, 0
-10.777,0, 0
9.24243,0, 0
34.9272,0, 0
66.586,0, 0
104.148,0, 0
146.85,0, 0
192.952,0, 0
239.865,0, 0
284.469,0, 0
323.426,0, 0
353.052,0, 0
369.151,0, 0
367.264,0, 0
344.325,0, 0
300.089,0, 0
237.624,0, 0
162.43,0, 0
80.9006,0, 0
-1.51359,0, 0
-80.4858,0, 0
-152.266,0, 0
-213.17,0, 0
-260.813,0, 0
-294.955,0, 0
-317.667,0, 0
-332.474,0, 0
-343.169,0, 0
-352.054,0, 0
-359.763,0, 0
-365.892,0, 0
-370.04,0, 0
-372.035,0, 0
-372.195,0, 0
-371.159,0, 0
-369.585,0, 0
-367.777,0, 0
-365.865,0, 0
-363.965,0, 0
-362.168,0, 0
-360.53,0, 0
-358.995,0, 0
-357.364,0, 0
-355.214,0, 0
-352.005,0, 0
-347.1,0, 0
-339.879,0, 0
-329.49,0, 0
-314.891,0, 0
-294.867,0, 0
-268.244,0, 0
-234.227,0, 0
-193.055,0, 0
-146.258,0, 0
-96.721,0, 0
-48.3329,0, 0
-5.627,0, 0
27.099,0, 0
46.6464,0, 0
51.2705,0, 0
40.7675,0, 0
16.4789,0, 0
-18.9823,0, 0
-62.0856,0, 0
-108.663,0, 0
-154.376,0, 0
-195.505,0, 0
-229.693,0, 0
-256.076,0, 0
-275.095,0, 0
-288.051,0, 0
-296.529,0, 0
-47.261,0, 0
-53.9402,0, 0
-58.7995,0, 0
-62.7439,0, 0
-66.2651,0, 0
-69.4054,0, 0
-71.9519,0, 0
-73.7456,0, 0
-74.9393,0, 0
-75.856,0, 0
-76.8172,0, 0
-77.8647,0, 0
-78.8527,0, 0
-79.6259,0, 0
-80.1558,0, 0
-80.5949,0, 0
-81.1625,0, 0
-82.0318,0, 0
-83.3423,0, 0
-85.18,0, 0
-87.4509,0, 0
-89.8082,0, 0
-91.6354,0, 0
-92.2385,0, 0
-91.0398,0, 0
-87.7359,0, 0
-82.1205,0, 0
-73.7805,0, 0
-61.9334,0, 0
-45.6094,0, 0
-24.0202,0, 0
3.26948,0, 0
36.1257,0, 0
73.7275,0, 0
114.358,0, 0
155.148,0, 0
191.954,0, 0
220.332,0, 0
236.693,0, 0
239.463,0, 0
228.933,0, 0
206.747,0, 0
175.06,0, 0
136.324,0, 0
93.487,0, 0
50.438,0, 0
11.209,0, 0
-21.0711,0, 0
-45.1609,0, 0
-61.6988,0, 0
-72.5466,0, 0
-79.748,0, 0
-84.7853,0, 0
-88.3805,0, 0
-90.842,0, 0
-92.274,0, 0
-92.861,0, 0
-93.0528,0, 0
-93.4374,0, 0
-94.4763,0, 0
-96.2865,0, 0
-98.5863,0, 0
-100.893,0, 0
-102.777,0, 0
-104.133,0, 0
-105.097,0, 0
-105.857,0, 0
-106.427,0, 0
-106.627,0, 0
-106.016,0, 0
-104.049,0, 0
-100.086,0, 0
-93.4447,0, 0
-83.368,0, 0
-69.0543,0, 0
-49.5051,0, 0
-23.6723,0, 0
9.2533,0, 0
49.2747,0, 0
95.444,0, 0
145.813,0, 0
197.641,0, 0
247.475,0, 0
291.432,0, 0
325.239,0, 0
345.242,0, 0
349.332,0, 0
337.845,0, 0
312.912,0, 0
277.767,0, 0
235.643,0, 0
189.715,0, 0
142.936,0, 0
98.553,0, 0
59.2862,0, 0
26.8649,0, 0
1.33307,0, 0
-18.3908,0, 0
-34.0067,0, 0
-46.9161,0, 0
-57.9951,0, 0
-67.4282,0, 0
-75.1876,0, 0
-81.1832,0, 0
-85.6071,0, 0
-88.9283,0, 0
-91.6823,0, 0
-94.2493,0, 0
-96.5276,0, 0
-98.0218,0, 0
-98.6307,0, 0
-96.7874,0, 0
-92.3133,0, 0
-85.2144,0, 0
-74.9091,0, 0
-60.0177,0, 0
-38.6205,0, 0
-9.34413,0, 0
27.9325,0, 0
72.2128,0, 0
121.967,0, 0
175.48,0, 0
230.571,0, 0
283.525,0, 0
329.089,0, 0
361.564,0, 0
376.858,0, 0
373.83,0, 0
354.063,0, 0
320.456,0, 0
276.149,0, 0
224.096,0, 0
167.928,0, 0
112.284,0, 0
62.3742,0, 0
22.6028,0, 0
-4.83438,0, 0
-20.4278,0, 0
-26.5729,0, 0
-26.3815,0, 0
-21.3869,0, 0
-13.5062,0, 0
-2.83566,0, 0
10.2152,0, 0
23.8608,0, 0
34.8712,0, 0
39.7384,0, 0
36.3244,0, 0
24.9586,0, 0
8.3768,0, 0
-9.52505,0, 0
-25.2603,0, 0
-37.0119,0, 0
-43.9806,0, 0
-45.1069,0, 0
-38.4329,0, 0
-21.8381,0, 0
5.54577,0, 0
41.4257,0, 0
80.0389,0, 0
113.835,0, 0
136.728,0, 0
146.1,0, 0
142.691,0, 0
128.79,0, 0
106.456,0, 0
76.7881,0, 0
40.9736,0, 0
1.5623,0, 0
-37.4975,0, 0
-72.2502,0, 0
-100.337,0, 0
-121.619,0, 0
-137.488,0, 0
-149.673,0, 0
-159.393,0, 0
-167.168,0, 0
-173.226,0, 0
-177.84,0, 0
-181.434,0, 0
-185.838,0, 0
-189.377,0, 0
-192.003,0, 0
-193.757,0, 0
-194.861,0, 0
-195.676,0, 0
-196.54,0, 0
-197.582,0, 0
-198.656,0, 0
-199.412,0, 0
-199.37,0, 0
-197.894,0, 0
-194.145,0, 0
-186.985,0, 0
-175.137,0, 0
-157.337,0, 0
-132.498,0, 0
-99.9117,0, 0
-59.4853,0, 0
-11.805,0, 0
16.1885,0, 0
44.3314,0, 0
70.2783,0, 0
91.2068,0, 0
104.528,0, 0
108.717,0, 0
103.832,0, 0
91.2918,0, 0
72.971,0, 0
50.4781,0, 0
25.2084,0, 0
-1.0117,0, 0
-25.8202,0, 0
-47.0015,0, 0
-63.3254,0, 0
-74.8828,0, 0
-82.7165,0, 0
-88.0154,0, 0
-91.633,0, 0
-94.0945,0, 0
-95.8497,0, 0
-97.0661,0, 0
-97.6668,0, 0
-97.2663,0, 0
-95.6782,0, 0
-93.2931,0, 0
-90.9143,0, 0
-89.2757,0, 0
-88.6184,0, 0
-88.7421,0, 0
-89.3685,0, 0
-90.4426,0, 0
-91.9256,0, 0
-93.3781,0, 0
-93.6055,0, 0
-90.9539,0, 0
-83.6952,0, 0
-70.3118,0, 0
-49.6448,0, 0
-21.0382,0, 0
15.5699,0, 0
59.1382,0, 0
106.915,0, 0
154.235,0, 0
195.597,0, 0
226.075,0, 0
242.482,0, 0
243.853,0, 0
231.061,0, 0
205.784,0, 0
170.12,0, 0
127.011,0, 0
80.6193,0, 0
35.67,0, 0
-3.76934,0, 0
-35.3892,0, 0
-59.0922,0, 0
-76.3891,0, 0
-89.1388,0, 0
-98.7508,0, 0
-116.223,0, 0
-129.845,0, 0
-140.295,0, 0
-148.493,0, 0
-155.288,0, 0
-161.107,0, 0
-165.916,0, 0
-169.595,0, 0
-172.145,0, 0
-173.796,0, 0
-174.752,0, 0
-174.906,0, 0
-173.823,0, 0
-170.86,0, 0
-165.164,0, 0
-155.727,0, 0
-141.38,0, 0
-120.882,0, 0
-93.0752,0, 0
-57.0803,0, 0
-12.5042,0, 0
40.369,0, 0
100.269,0, 0
164.489,0, 0
228.404,0, 0
285.667,0, 0
329.537,0, 0
355.085,0, 0
360.736,0, 0
348.262,0, 0
320.9,0, 0
281.575,0, 0
232.343,0, 0
175.796,0, 0
116.507,0, 0
60.6176,0, 0
13.1033,0, 0
-24.5549,0, 0
-54.5594,0, 0
-80.2372,0, 0
-205.274,0, 0
-224.06,0, 0
-237.29,0, 0
-243.92,0, 0
-244.908,0, 0
-242.058,0, 0
-236.42,0, 0
-227.789,0, 0
-215.614,0, 0
-200.212,0, 0
-182.751,0, 0
-164.303,0, 0
-144.609,0, 0
-121.829,0, 0
-93.6117,0, 0
-58.551,0, 0
-16.7075,0, 0
31.1113,0, 0
84.2967,0, 0
142.307,0, 0
203.9,0, 0
266.416,0, 0
325.681,0, 0
376.827,0, 0
415.315,0, 0
437.795,0, 0
442.456,0, 0
429.069,0, 0
398.932,0, 0
354.437,0, 0
298.604,0, 0
234.917,0, 0
167.375,0, 0
100.498,0, 0
38.6796,0, 0
-15.0548,0, 0
-59.707,0, 0
-96.07,0, 0
-125.509,0, 0
-149.008,0, 0
-167.036,0, 0
-180.068,0, 0
-189.159,0, 0
-195.893,0, 0
-201.535,0, 0
-206.511,0, 0
-210.519,0, 0
-213.194,0, 0
-214.66,0, 0
-215.453,0, 0
-216.006,0, 0
-216.025,0, 0
-214.401,0, 0
-209.73,0, 0
-200.856,0, 0
-186.968,0, 0
-167.341,0, 0
-141.05,0, 0
-107.089,0, 0
-64.8041,0, 0
-14.3912,0, 0
43.0865,0, 0
105.909,0, 0
171.995,0, 0
238.894,0, 0
303.57,0, 0
362.105,0, 0
409.964,0, 0
442.644,0, 0
456.764,0, 0
450.943,0, 0
426.164,0, 0
385.328,0, 0
332.255,0, 0
270.781,0, 0
204.636,0, 0
137.655,0, 0
73.827,0, 0
16.7941,0, 0
-31.1055,0, 0
-69.373,0, 0
-99.161,0, 0
-122.257,0, 0
-140.183,0, 0
-153.843,0, 0
-163.806,0, 0
-170.564,0, 0
-174.802,0, 0
-177.302,0, 0
-178.803,0, 0
-179.83,0, 0
-180.646,0, 0
-181.296,0, 0
-181.567,0, 0
-180.906,0, 0
-178.404,0, 0
-172.852,0, 0
-162.935,0, 0
-147.45,0, 0
-125.372,0, 0
-95.908,0, 0
-58.5022,0, 0
-13.0625,0, 0
39.6724,0, 0
97.9505,0, 0
159.032,0, 0
219.4,0, 0
274.963,0, 0
321.235,0, 0
353.632,0, 0
368.574,0, 0
364.372,0, 0
341.77,0, 0
303.478,0, 0
253.321,0, 0
195.396,0, 0
133.926,0, 0
73.1752,0, 0
17.4237,0, 0
-30.0691,0, 0
-67.9414,0, 0
-97.4285,0, 0
-121.81,0, 0
-144.838,0, 0
-168.416,0, 0
-192.031,0, 0
-213.483,0, 0
-231.088,0, 0
-244.994,0, 0
-256.859,0, 0
-267.524,0, 0
-275.304,0, 0
-276.344,0, 0
-267.424,0, 0
-247.888,0, 0
-219.659,0, 0
-185.131,0, 0
-145.004,0, 0
-97.7504,0, 0
-41.557,0, 0
23.5929,0, 0
95.0587,0, 0
168.798,0, 0
240.856,0, 0
308.037,0, 0
367.623,0, 0
416.699,0, 0
451.86,0, 0
469.953,0, 0
469.131,0, 0
449.642,0, 0
413.605,0, 0
364.191,0, 0
304.947,0, 0
239.576,0, 0
172.096,0, 0
106.782,0, 0
47.6161,0, 0
-2.67524,0, 0
-43.3875,0, 0
-75.7122,0, 0
-101.573,0, 0
-122.491,0, 0
-139.056,0, 0
-151.467,0, 0
-160.168,0, 0
-166.236,0, 0
-171.075,0, 0
-175.625,0, 0
-179.917,0, 0
-183.463,0, 0
-185.835,0, 0
-187.18,0, 0
-188.063,0, 0
-189.048,0, 0
-190.281,0, 0
-191.477,0, 0
-192.181,0, 0
-192.033,0, 0
-190.55,0, 0
-187.019,0, 0
-180.355,0, 0
-169.449,0, 0
-153.364,0, 0
-131.47,0, 0
-103.128,0, 0
-67.7395,0, 0
-25.0415,0, 0
24.029,0, 0
76.6993,0, 0
128.278,0, 0
173.229,0, 0
206.589,0, 0
225.25,0, 0
228.332,0, 0
216.677,0, 0
191.974,0, 0
156.39,0, 0
112.841,0, 0
65.2978,0, 0
18.5423,0, 0
-22.9193,0, 0
-56.2179,0, 0
-81.0112,0, 0
-98.9789,0, 0
-112.484,0, 0
-123.259,0, 0
-132.014,0, 0
-138.821,0, 0
-143.876,0, 0
-147.772,0, 0
-151.191,0, 0
-154.4,0, 0
-157.174,0, 0
-159.171,0, 0
-160.358,0, 0
-161.097,0, 0
-161.825,0, 0
-162.686,0, 0
-163.368,0, 0
-163.205,0, 0
-161.406,0, 0
-157.265,0, 0
-150.138,0, 0
-139.359,0, 0
-124.146,0, 0
-103.572,0, 0
-76.7036,0, 0
-42.9052,0, 0
-2.1403,0, 0
44.8405,0, 0
96.3127,0, 0
149.284,0, 0
199.481,0, 0
241.957,0, 0
272.154,0, 0
287.13,0, 0
286.211,0, 0
270.572,0, 0
242.246,0, 0
203.553,0, 0
157.349,0, 0
107.442,0, 0
58.3992,0, 0
14.4504,0, 0
-21.7758,0, 0
-50.1149,0, 0
-72.3599,0, 0
-90.8074,0, 0
-107.01,0, 0
-121.4,0, 0
-133.795,0, 0
-144.137,0, 0
-152.831,0, 0
-160.336,0, 0
-166.765,0, 0
-171.818,0, 0
-175.271,0, 0
-177.299,0, 0
-178.349,0, 0
-178.542,0, 0
-177.366,0, 0
-173.827,0, 0
-167.209,0, 0
-157.139,0, 0
-143.189,0, 0
-124.367,0, 0
-99.0977,0, 0
-65.7126,0, 0
-23.4512,0, 0
27.0896,0, 0
84.202,0, 0
145.553,0, 0
208.228,0, 0
268.423,0, 0
321.347,0, 0
361.912,0, 0
385.805,0, 0
390.734,0, 0
376.93,0, 0
346.553,0, 0
302.625,0, 0
248.49,0, 0
187.848,0, 0
125.022,0, 0
64.5874,0, 0
10.8929,0, 0
-31.7738,0, 0
-60.1273,0, 0
-73.3918,0, 0
-73.8963,0, 0
-66.2906,0, 0
-56.3416,0, 0
-49.0957,0, 0
-47.3721,0, 0
-51.6818,0, 0
-62.8386,0, 0
-82.3019,0, 0
-110.33,0, 0
-144.722,0, 0
-256.938,0, 0
-289.845,0, 0
-313.3,0, 0
-325.06,0, 0
-326.717,0, 0
-321.15,0, 0
-310.465,0, 0
-295.14,0, 0
-274.178,0, 0
-246.029,0, 0
-210.416,0, 0
-168.038,0, 0
-119.226,0, 0
-63.4135,0, 0
-0.278961,0, 0
68.4688,0, 0
137.853,0, 0
200.633,0, 0
249.78,0, 0
280.844,0, 0
292.621,0, 0
286.181,0, 0
263.328,0, 0
225.865,0, 0
176.124,0, 0
118.06,0, 0
57.2427,0, 0
-0.350984,0, 0
-50.1425,0, 0
-90.2399,0, 0
-121.4,0, 0
-145.543,0, 0
-164.407,0, 0
-179.008,0, 0
-189.931,0, 0
-197.792,0, 0
-203.472,0, 0
-207.891,0, 0
-211.598,0, 0
-214.67,0, 0
-217.005,0, 0
-218.555,0, 0
-219.273,0, 0
-218.899,0, 0
-216.729,0, 0
-211.554,0, 0
-201.922,0, 0
-186.466,0, 0
-163.963,0, 0
-133.186,0, 0
-99.1888,0, 0
-57.4475,0, 0
-8.74345,0, 0
44.8574,0, 0
99.9059,0, 0
152.022,0, 0
196.631,0, 0
229.767,0, 0
248.769,0, 0
252.856,0, 0
243.026,0, 0
221.409,0, 0
190.352,0, 0
152.035,0, 0
108.734,0, 0
63.3811,0, 0
19.473,0, 0
-19.836,0, 0
-53.014,0, 0
-80.4975,0, 0
-103.812,0, 0
-123.986,0, 0
-140.772,0, 0
-153.182,0, 0
-160.746,0, 0
-164.094,0, 0
-164.448,0, 0
-162.442,0, 0
-157.301,0, 0
-147.202,0, 0
-130.433,0, 0
-106.137,0, 0
-74.2093,0, 0
-34.9066,0, 0
11.3735,0, 0
63.7117,0, 0
120.033,0, 0
176.677,0, 0
228.713,0, 0
271.122,0, 0
299.864,0, 0
312.554,0, 0
308.786,0, 0
289.802,0, 0
257.914,0, 0
215.991,0, 0
167.207,0, 0
115.037,0, 0
63.2621,0, 0
15.7662,0, 0
-34.6597,0, 0
-72.7341,0, 0
-99.8941,0, 0
-119.595,0, 0
-135.606,0, 0
-150.272,0, 0
-164.119,0, 0
-176.828,0, 0
-188.64,0, 0
-200.374,0, 0
-212.313,0, 0
-222.571,0, 0
-226.816,0, 0
-219.849,0, 0
-198.493,0, 0
-162.874,0, 0
-115.516,0, 0
-58.9931,0, 0
5.37769,0, 0
77.0652,0, 0
154.149,0, 0
231.672,0, 0
302.268,0, 0
358.56,0, 0
395.448,0, 0
411.112,0, 0
406.295,0, 0
383.009,0, 0
343.546,0, 0
290.494,0, 0
227.381,0, 0
158.887,0, 0
90.4012,0, 0
27.1446,0, 0
-27.0683,0, 0
-70.5596,0, 0
-103.892,0, 0
-128.993,0, 0
-148.09,0, 0
-163.058,0, 0
-175.171,0, 0
-185.075,0, 0
-193.086,0, 0
-199.395,0, 0
-204.24,0, 0
-207.935,0, 0
-210.767,0, 0
-212.645,0, 0
-212.663,0, 0
-208.805,0, 0
-197.268,0, 0
-173.192,0, 0
-132.557,0, 0
-74.5192,0, 0
-1.7189,0, 0
80.5589,0, 0
166.638,0, 0
252.388,0, 0
335.816,0, 0
414.441,0, 0
484.131,0, 0
539.855,0, 0
577.555,0, 0
595.185,0, 0
593.71,0, 0
576.466,0, 0
547.322,0, 0
508.599,0, 0
461.254,0, 0
405.528,0, 0
342.1,0, 0
273.766,0, 0
205.598,0, 0
142.84,0, 0
88.3567,0, 0
41.9295,0, 0
1.6832,0, 0
-33.8161,0, 0
-64.5457,0, 0
-89.5324,0, 0
-108.496,0, 0
-122.614,0, 0
-133.696,0, 0
-142.72,0, 0
-149.116,0, 0
-151.216,0, 0
-147.428,0, 0
-136.809,0, 0
-119.07,0, 0
-93.9487,0, 0
-60.7815,0, 0
-18.7529,0, 0
32.2602,0, 0
91.0628,0, 0
154.922,0, 0
219.671,0, 0
280.096,0, 0
330.544,0, 0
365.824,0, 0
382.244,0, 0
378.488,0, 0
355.688,0, 0
316.689,0, 0
265.007,0, 0
204.545,0, 0
139.665,0, 0
75.3457,0, 0
16.5621,0, 0
-32.8985,0, 0
-71.654,0, 0
-100.748,0, 0
-122.661,0, 0
-139.724,0, 0
-153.282,0, 0
-163.672,0, 0
-170.921,0, 0
-175.355,0, 0
-177.654,0, 0
-178.467,0, 0
-178.132,0, 0
-176.564,0, 0
-173.391,0, 0
-168.066,0, 0
-159.875,0, 0
-147.855,0, 0
-130.898,0, 0
-107.996,0, 0
-78.3993,0, 0
-41.5947,0, 0
2.62704,0, 0
54.0298,0, 0
111.758,0, 0
174.155,0, 0
238.843,0, 0
302.763,0, 0
362.034,0, 0
412.051,0, 0
448.099,0, 0
466.534,0, 0
465.806,0, 0
446.547,0, 0
410.955,0, 0
361.848,0, 0
302.245,0, 0
235.77,0, 0
166.922,0, 0
100.689,0, 0
41.3085,0, 0
-9.02497,0, 0
-50.4674,0, 0
-85.0236,0, 0
-115.286,0, 0
-143.119,0, 0
-169.169,0, 0
-193.233,0, 0
-214.926,0, 0
-234.276,0, 0
-251.669,0, 0
-267.55,0, 0
-281.724,0, 0
-293.172,0, 0
-300.243,0, 0
-300.913,0, 0
-293.193,0, 0
-275.827,0, 0
-248.581,0, 0
-212.377,0, 0
-168.998,0, 0
-120.337,0, 0
-67.676,0, 0
-12.2314,0, 0
43.4261,0, 0
94.5791,0, 0
135.123,0, 0
159.478,0, 0
164.813,0, 0
152.088,0, 0
124.723,0, 0
86.246,0, 0
39.2878,0, 0
-13.8365,0, 0
-70.0173,0, 0
-124.809,0, 0
-173.311,0, 0
-212.043,0, 0
-240.249,0, 0
-259.604,0, 0
-272.709,0, 0
-281.72,0, 0
-287.647,0, 0
-290.149,0, 0
-287.689,0, 0
-278.834,0, 0
-264.485,0, 0
-247.709,0, 0
-232.574,0, 0
-222.068,0, 0
-214.887,0, 0
-204.377,0, 0
-182.405,0, 0
-331.246,0, 0
-279.139,0, 0
-219.41,0, 0
-158.188,0, 0
-98.9615,0, 0
-41.7944,0, 0
12.3822,0, 0
58.1752,0, 0
88.8032,0, 0
100.913,0, 0
98.0638,0, 0
89.7483,0, 0
87.5496,0, 0
99.9734,0, 0
129.134,0, 0
172.233,0, 0
225.015,0, 0
283.098,0, 0
342.455,0, 0
398.96,0, 0
448.153,0, 0
485.746,0, 0
508.306,0, 0
514.062,0, 0
503.094,0, 0
477.067,0, 0
438.519,0, 0
390.089,0, 0
333.944,0, 0
271.813,0, 0
205.869,0, 0
139.571,0, 0
77.2887,0, 0
22.9977,0, 0
-21.2443,0, 0
-55.8949,0, 0
-83.0978,0, 0
-105.171,0, 0
-123.501,0, 0
-138.522,0, 0
-150.477,0, 0
-159.972,0, 0
-168.122,0, 0
-176.146,0, 0
-184.5,0, 0
-192.254,0, 0
-197.096,0, 0
-196.143,0, 0
-187.218,0, 0
-169.484,0, 0
-143.191,0, 0
-108.776,0, 0
-66.1632,0, 0
-15.0406,0, 0
44.0585,0, 0
108.591,0, 0
173.681,0, 0
232.873,0, 0
279.729,0, 0
309.209,0, 0
318.682,0, 0
308.048,0, 0
279.093,0, 0
234.601,0, 0
177.935,0, 0
113.104,0, 0
44.9634,0, 0
-21.0978,0, 0
-80.2461,0, 0
-129.585,0, 0
-169.042,0, 0
-200.804,0, 0
-227.668,0, 0
-251.48,0, 0
-272.583,0, 0
-290.386,0, 0
-304.522,0, 0
-315.348,0, 0
-323.69,0, 0
-330.104,0, 0
-334.473,0, 0
-336.383,0, 0
-335.758,0, 0
-333.211,0, 0
-329.757,0, 0
-326.126,0, 0
-322.166,0, 0
-316.755,0, 0
-308.253,0, 0
-295.205,0, 0
-276.652,0, 0
-251.908,0, 0
-220.104,0, 0
-179.845,0, 0
-129.659,0, 0
-69.1103,0, 0
0.0483139,0, 0
73.5181,0, 0
145.024,0, 0
207.717,0, 0
255.633,0, 0
284.72,0, 0
293.115,0, 0
281.067,0, 0
250.483,0, 0
204.571,0, 0
147.631,0, 0
85.0634,0, 0
22.8536,0, 0
-33.4063,0, 0
-79.7802,0, 0
-114.931,0, 0
-140.097,0, 0
-157.901,0, 0
-170.844,0, 0
-180.243,0, 0
-186.207,0, 0
-188.224,0, 0
-185.826,0, 0
-178.697,0, 0
-166.34,0, 0
-147.823,0, 0
-122.018,0, 0
-88.0576,0, 0
-45.7386,0, 0
4.33285,0, 0
60.6796,0, 0
120.66,0, 0
180.224,0, 0
234.056,0, 0
276.497,0, 0
303.112,0, 0
311.851,0, 0
303.021,0, 0
278.512,0, 0
240.865,0, 0
193.147,0, 0
139.177,0, 0
83.5841,0, 0
31.1864,0, 0
-14.2737,0, 0
-51.2778,0, 0
-80.3735,0, 0
-103.198,0, 0
-121.284,0, 0
-135.473,0, 0
-146.278,0, 0
-154.354,0, 0
-160.763,0, 0
-166.661,0, 0
-172.598,0, 0
-178.389,0, 0
-183.482,0, 0
-187.528,0, 0
-190.69,0, 0
-193.421,0, 0
-196.009,0, 0
-198.267,0, 0
-199.507,0, 0
-199.006,0, 0
-196.23,0, 0
-190.653,0, 0
-181.475,0, 0
-167.449,0, 0
-147.175,0, 0
-119.699,0, 0
-84.8625,0, 0
-43.1725,0, 0
4.71591,0, 0
58.1488,0, 0
115.959,0, 0
175.741,0, 0
233.285,0, 0
283.085,0, 0
319.865,0, 0
340.123,0, 0
342.811,0, 0
328.977,0, 0
300.655,0, 0
260.223,0, 0
210.466,0, 0
155.138,0, 0
98.9655,0, 0
46.7683,0, 0
2.08271,0, 0
-33.7683,0, 0
-61.7134,0, 0
-83.8859,0, 0
-102.666,0, 0
-119.945,0, 0
-136.794,0, 0
-153.478,0, 0
-169.649,0, 0
-184.546,0, 0
-197.367,0, 0
-207.777,0, 0
-215.992,0, 0
-222.282,0, 0
-226.547,0, 0
-228.462,0, 0
-226.916,0, 0
-222.076,0, 0
-214.754,0, 0
-205.606,0, 0
-194.041,0, 0
-178.257,0, 0
-156.228,0, 0
-126.747,0, 0
-89.661,0, 0
-45.4769,0, 0
5.16413,0, 0
61.5655,0, 0
122.424,0, 0
185.133,0, 0
245.668,0, 0
299.25,0, 0
341.148,0, 0
367.738,0, 0
377.249,0, 0
369.875,0, 0
343.234,0, 0
301.124,0, 0
247.074,0, 0
185.429,0, 0
121.398,0, 0
60.6031,0, 0
7.63636,0, 0
-35.6651,0, 0
-70.4695,0, 0
-99.7592,0, 0
-125.871,0, 0
-148.893,0, 0
-167.05,0, 0
-178.903,0, 0
-185.408,0, 0
-189.891,0, 0
-195.701,0, 0
-204.003,0, 0
-213.376,0, 0
-221.941,0, 0
-229.699,0, 0
-238.302,0, 0
-249.004,0, 0
-260.765,0, 0
-270.232,0, 0
-273.156,0, 0
-266.424,0, 0
-249.81,0, 0
-226.109,0, 0
-199.413,0, 0
-173.404,0, 0
-149.369,0, 0
-125.444,0, 0
-98.7777,0, 0
-68.3983,0, 0
-36.4016,0, 0
-5.24153,0, 0
25.12,0, 0
58.3409,0, 0
99.2014,0, 0
143.339,0, 0
197.188,0, 0
252.655,0, 0
300.607,0, 0
334.893,0, 0
353.267,0, 0
355.639,0, 0
341.42,0, 0
309.696,0, 0
260.796,0, 0
198.471,0, 0
129.669,0, 0
63.3171,0, 0
7.2495,0, 0
-33.5706,0, 0
-57.349,0, 0
-64.2056,0, 0
-56.2745,0, 0
-37.4316,0, 0
-12.7949,0, 0
12.9103,0, 0
36.3453,0, 0
56.196,0, 0
72.2206,0, 0
84.3069,0, 0
91.825,0, 0
94.6113,0, 0
93.9586,0, 0
92.6026,0, 0
93.438,0, 0
97.7909,0, 0
104.639,0, 0
111.242,0, 0
115.129,0, 0
115.775,0, 0
114.724,0, 0
113.853,0, 0
113.493,0, 0
112.218,0, 0
108.691,0, 0
229.898,0, 0
225.167,0, 0
227.634,0, 0
239.758,0, 0
260.734,0, 0
287.963,0, 0
319.667,0, 0
356.253,0, 0
399.088,0, 0
447.263,0, 0
495.897,0, 0
537.174,0, 0
563.507,0, 0
570.476,0, 0
558.041,0, 0
529.15,0, 0
487.396,0, 0
435.405,0, 0
375.507,0, 0
311.088,0, 0
246.938,0, 0
188.473,0, 0
139.791,0, 0
102.161,0, 0
74.0085,0, 0
52.4237,0, 0
35.0135,0, 0
20.6946,0, 0
9.20269,0, 0
0.552711,0, 0
-5.53339,0, 0
-9.67352,0, 0
-12.5834,0, 0
-14.7373,0, 0
-16.3379,0, 0
-17.5979,0, 0
-18.793,0, 0
-20.1232,0, 0
-21.4334,0, 0
-22.0395,0, 0
-24.4097,0, 0
-27.3801,0, 0
-30.9731,0, 0
-35.2598,0, 0
-39.9594,0, 0
-44.6289,0, 0
-48.7907,0, 0
-52.0481,0, 0
-54.3017,0, 0
-55.718,0, 0
-56.5689,0, 0
-57.0643,0, 0
-57.3517,0, 0
-57.5449,0, 0
-57.8666,0, 0
-58.643,0, 0
-60.1482,0, 0
-62.3578,0, 0
-64.904,0, 0
-67.3803,0, 0
-69.6503,0, 0
-71.9426,0, 0
-74.7109,0, 0
-78.2145,0, 0
-82.3071,0, 0
-86.6695,0, 0
-91.1293,0, 0
-95.7516,0, 0
-100.547,0, 0
-105.082,0, 0
-108.564,0, 0
-110.161,0, 0
-109.654,0, 0
-107.565,0, 0
-104.798,0, 0
-101.987,0, 0
-99.3058,0, 0
-96.5743,0, 0
-93.7969,0, 0
-91.2762,0, 0
-89.5533,0, 0
-89.0169,0, 0
-89.7279,0, 0
-91.4451,0, 0
-93.8237,0, 0
-96.4911,0, 0
-99.1075,0, 0
-101.412,0, 0
-103.412,0, 0
-105.593,0, 0
-108.682,0, 0
-113.253,0, 0
-119.233,0, 0
-126.018,0, 0
-132.814,0, 0
-139.168,0, 0
-144.976,0, 0
-150.142,0, 0
-154.169,0, 0
-156.398,0, 0
-156.587,0, 0
-155.277,0, 0
-153.589,0, 0
-152.566,0, 0
-152.641,0, 0
-153.508,0, 0
-154.649,0, 0
-155.746,0, 0
-156.779,0, 0
-157.705,0, 0
-158.357,0, 0
-158.436,0, 0
-157.808,0, 0
-156.736,0, 0
-155.865,0, 0
-155.874,0, 0
-157.126,0, 0
-159.639,0, 0
-163.196,0, 0
-167.517,0, 0
-174.902,0, 0
-181.517,0, 0
-187.266,0, 0
-191.911,0, 0
-195.22,0, 0
-197.084,0, 0
-197.463,0, 0
-196.134,0, 0
-192.482,0, 0
-185.56,0, 0
-174.301,0, 0
-157.711,0, 0
-134.961,0, 0
-105.425,0, 0
-68.7698,0, 0
-25.1866,0, 0
24.4205,0, 0
78.0656,0, 0
132.434,0, 0
182.861,0, 0
224.062,0, 0
251.336,0, 0
261.716,0, 0
254.508,0, 0
231.084,0, 0
193.945,0, 0
146.123,0, 0
91.2126,0, 0
33.5329,0, 0
-22.1619,0, 0
-71.5616,0, 0
-111.901,0, 0
-142.577,0, 0
-164.873,0, 0
-180.884,0, 0
-192.541,0, 0
-201.158,0, 0
-207.503,0, 0
-212.07,0, 0
-215.374,0, 0
-217.881,0, 0
-219.979,0, 0
-221.922,0, 0
-223.912,0, 0
-226.066,0, 0
-228.489,0, 0
-231.217,0, 0
-234.201,0, 0
-237.289,0, 0
-240.293,0, 0
-242.944,0, 0
-244.841,0, 0
-245.44,0, 0
-244.078,0, 0
-239.934,0, 0
-231.971,0, 0
-219,0, 0
-199.857,0, 0
-173.562,0, 0
-139.47,0, 0
-97.421,0, 0
-47.7406,0, 0
8.67927,0, 0
70.1079,0, 0
133.262,0, 0
193.145,0, 0
243.727,0, 0
279.389,0, 0
296.322,0, 0
293.556,0, 0
272.531,0, 0
236.09,0, 0
187.522,0, 0
130.638,0, 0
69.9538,0, 0
10.5661,0, 0
-42.8433,0, 0
-87.0918,0, 0
-121.462,0, 0
-147.309,0, 0
-166.934,0, 0
-182.493,0, 0
-195.464,0, 0
-206.66,0, 0
-216.539,0, 0
-225.396,0, 0
-233.409,0, 0
-240.589,0, 0
-246.852,0, 0
-252.197,0, 0
-256.72,0, 0
-260.556,0, 0
-263.801,0, 0
-266.342,0, 0
-267.72,0, 0
-267.22,0, 0
-263.941,0, 0
-256.834,0, 0
-244.648,0, 0
-226.16,0, 0
-200.007,0, 0
-166.19,0, 0
-124.402,0, 0
-74.943,0, 0
-18.8362,0, 0
43.036,0, 0
110.492,0, 0
183.596,0, 0
261.839,0, 0
343.001,0, 0
422.07,0, 0
490.685,0, 0
539.677,0, 0
563.021,0, 0
560.325,0, 0
535.759,0, 0
495.576,0, 0
444.071,0, 0
382.437,0, 0
311.513,0, 0
236.597,0, 0
167.153,0, 0
112.112,0, 0
74.4001,0, 0
49.9501,0, 0
30.78,0, 0
11.546,0, 0
-6.91964,0, 0
-19.4557,0, 0
-21.9313,0, 0
-14.4203,0, 0
-0.0294135,0, 0
19.3619,0, 0
44.7759,0, 0
78.1579,0, 0
118.137,0, 0
159.122,0, 0
193.108,0, 0
214.681,0, 0
223.027,0, 0
221.351,0, 0
212.058,0, 0
195.63,0, 0
172.302,0, 0
144.989,0, 0
118.551,0, 0
97.8244,0, 0
84.6284,0, 0
77.69,0, 0
73.7542,0, 0
69.3477,0, 0
61.4837,0, 0
47.6658,0, 0
26.7285,0, 0
-0.408512,0, 0
-30.3931,0, 0
-59.3624,0, 0
-84.7376,0, 0
-106.329,0, 0
-124.494,0, 0
-139.579,0, 0
-151.194,0, 0
-158.751,0, 0
-161.309,0, 0
-158.135,0, 0
-148.809,0, 0
-133.307,0, 0
-111.789,0, 0
-84.4613,0, 0
-50.5695,0, 0
-8.4645,0, 0
43.1404,0, 0
103.358,0, 0
168.975,0, 0
235.624,0, 0
299.871,0, 0
360.192,0, 0
416.443,0, 0
468.024,0, 0
513.532,0, 0
525.762,0, 0
559.055,0, 0
583.727,0, 0
600.712,0, 0
610.917,0, 0
615.453,0, 0
614.924,0, 0
609.381,0, 0
597.426,0, 0
578.199,0, 0
552.753,0, 0
525.248,0, 0
500.538,0, 0
481.301,0, 0
465.589,0, 0
449.393,0, 0
430.113,0, 0
408.34,0, 0
384.915,0, 0
358.327,0, 0
324.319,0, 0
279.052,0, 0
222.507,0, 0
159.465,0, 0
96.3732,0, 0
37.4922,0, 0
-15.9994,0, 0
-64.3527,0, 0
-107.249,0, 0
-143.297,0, 0
-170.685,0, 0
-188.877,0, 0
-199.604,0, 0
-206.793,0, 0
-214.823,0, 0
-226.689,0, 0
-242.361,0, 0
-258.696,0, 0
-271.546,0, 0
-278.814,0, 0
-281.779,0, 0
-283.559,0, 0
-286.047,0, 0
-287.895,0, 0
-285.044,0, 0
-273.36,0, 0
-251.625,0, 0
-221.632,0, 0
-185.652,0, 0
-143.812,0, 0
-93.6237,0, 0
-31.9961,0, 0
41.9815,0, 0
125.073,0, 0
210.258,0, 0
289.067,0, 0
354.157,0, 0
400.504,0, 0
425.898,0, 0
430.203,0, 0
414.758,0, 0
381.537,0, 0
333.203,0, 0
273.34,0, 0
206.452,0, 0
137.253,0, 0
70.0975,0, 0
8.23987,0, 0
-46.3157,0, 0
-92.7399,0, 0
-130.997,0, 0
-161.629,0, 0
-185.708,0, 0
-204.397,0, 0
-218.566,0, 0
-228.722,0, 0
-235.369,0, 0
-239.256,0, 0
-241.454,0, 0
-243.003,0, 0
-244.553,0, 0
-246.053,0, 0
-247.126,0, 0
-247.406,0, 0
-246.874,0, 0
-245.741,0, 0
-244.283,0, 0
-242.64,0, 0
-240.769,0, 0
-238.306,0, 0
-234.54,0, 0
-228.362,0, 0
-218.539,0, 0
-203.892,0, 0
-183.384,0, 0
-156.235,0, 0
-122.048,0, 0
-80.9763,0, 0
-34.0748,0, 0
16.1701,0, 0
65.6237,0, 0
109.129,0, 0
141.621,0, 0
159.256,0, 0
160.403,0, 0
145.839,0, 0
118.162,0, 0
80.8587,0, 0
37.8702,0, 0
-6.60658,0, 0
-48.419,0, 0
-84.1087,0, 0
-111.425,0, 0
-129.892,0, 0
-140.627,0, 0
-145.786,0, 0
-147.582,0, 0
-147.72,0, 0
-147.177,0, 0
-146.47,0, 0
-145.733,0, 0
-144.977,0, 0
-144.071,0, 0
-142.932,0, 0
-141.481,0, 0
-139.737,0, 0
-137.789,0, 0
-135.755,0, 0
-133.571,0, 0
-131.128,0, 0
-128.377,0, 0
-125.452,0, 0
-122.519,0, 0
-119.745,0, 0
-117.191,0, 0
-114.883,0, 0
-112.773,0, 0
-110.819,0, 0
-108.915,0, 0
-106.893,0, 0
-104.437,0, 0
-101.112,0, 0
-96.2797,0, 0
-89.2149,0, 0
-79.2144,0, 0
-66.171,0, 0
-51.0129,0, 0
-35.6573,0, 0
-22.3161,0, 0
-12.6954,0, 0
-2.44735,0, 0
-4.03382,0, 0
-16.4769,0, 0
-38.3836,0, 0
-68.1247,0, 0
-103.317,0, 0
-140.539,0, 0
-175.589,0, 0
-204.586,0, 0
-225.305,0, 0
-238.05,0, 0
-244.992,0, 0
-248.706,0, 0
-250.802,0, 0
-251.859,0, 0
-251.816,0, 0
-250.865,0, 0
-249.683,0, 0
-249.174,0, 0
-249.814,0, 0
-251.672,0, 0
-254.546,0, 0
-258.151,0, 0
-261.952,0, 0
-265.008,0, 0
-265.942,0, 0
-263.442,0, 0
-256.522,0, 0
-244.435,0, 0
-226.373,0, 0
-201.365,0, 0
-168.997,0, 0
-130.165,0, 0
-87.8099,0, 0
-46.5367,0, 0
-11.4471,0, 0
13.5039,0, 0
26.0382,0, 0
25.7172,0, 0
13.2259,0, 0
-10.0035,0, 0
-41.9401,0, 0
-79.5984,0, 0
-119.126,0, 0
-156.315,0, 0
-187.967,0, 0
-212.602,0, 0
-230.626,0, 0
-243.556,0, 0
-252.962,0, 0
-259.855,0, 0
-264.804,0, 0
-268.25,0, 0
-270.741,0, 0
-272.718,0, 0
-274.182,0, 0
-274.858,0, 0
-274.484,0, 0
-273.177,0, 0
-271.286,0, 0
-270.386,0, 0
-268.837,0, 0
-265.994,0, 0
-261.029,0, 0
-253.484,0, 0
-243.238,0, 0
-230.206,0, 0
-213.965,0, 0
-193.983,0, 0
-169.872,0, 0
-141.79,0, 0
-110.545,0, 0
-77.4637,0, 0
-43.9412,0, 0
-11.2535,0, 0
19.4497,0, 0
46.9371,0, 0
69.8248,0, 0
86.8868,0, 0
97.7824,0, 0
103.485,0, 0
105.955,0, 0
107.217,0, 0
108.597,0, 0
110.425,0, 0
112.683,0, 0
115.712,0, 0
120.28,0, 0
126.788,0, 0
134.704,0, 0
142.715,0, 0
149.472,0, 0
154.359,0, 0
157.72,0, 0
160.3,0, 0
162.662,0, 0
165.047,0, 0
167.52,0, 0
169.993,0, 0
172.132,0, 0
173.365,0, 0
173.116,0, 0
170.955,0, 0
166.913,0, 0
161.695,0, 0
156.682,0, 0
153.55,0, 0
153.747,0, 0
157.881,0, 0
165.685,0, 0
176.348,0, 0
189.162,0, 0
203.502,0, 0
218.236,0, 0
231.356,0, 0
240.566,0, 0
244.13,0, 0
241.539,0, 0
233.211,0, 0
220.112,0, 0
203.767,0, 0
186.578,0, 0
171.767,0, 0
162.36,0, 0
159.853,0, 0
163.758,0, 0
172.498,0, 0
184.804,0, 0
200.149,0, 0
217.793,0, 0
235.913,0, 0
251.781,0, 0
262.948,0, 0
268.48,0, 0
269.201,0, 0
266.95,0, 0
263.478,0, 0
259.669,0, 0
255.45,0, 0
249.99,0, 0
241.996,0, 0
230.057,0, 0
212.904,0, 0
189.786,0, 0
161.005,0, 0
128.227,0, 0
94.5511,0, 0
63.92,0, 0
40.0839,0, 0
25.5646,0, 0
-237.539,0, 0
-231.717,0, 0
-214.253,0, 0
-185.665,0, 0
-148.068,0, 0
-105.544,0, 0
-63.1529,0, 0
-25.3968,0, 0
5.33597,0, 0
28.8361,0, 0
46.2638,0, 0
58.9028,0, 0
67.4575,0, 0
71.9309,0, 0
72.1377,0, 0
68.3248,0, 0
61.3145,0, 0
52.2213,0, 0
41.6444,0, 0
29.3368,0, 0
14.4606,0, 0
-3.28029,0, 0
-23.0852,0, 0
-43.3302,0, 0
-62.6006,0, 0
-80.158,0, 0
-95.9305,0, 0
-109.699,0, 0
-120.667,0, 0
-127.744,0, 0
-130.337,0, 0
-128.701,0, 0
-123.678,0, 0
-116.13,0, 0
-106.677,0, 0
-95.812,0, 0
-84.0569,0, 0
-72.0527,0, 0
-60.1768,0, 0
-48.3067,0, 0
-35.7989,0, 0
-21.7468,0, 0
-5.44312,0, 0
13.2632,0, 0
33.9489,0, 0
55.6147,0, 0
76.8809,0, 0
96.2502,0, 0
112.431,0, 0
124.776,0, 0
133.416,0, 0
139.124,0, 0
142.794,0, 0
145.019,0, 0
145.94,0, 0
145.325,0, 0
142.199,0, 0
134.343,0, 0
117.739,0, 0
87.4668,0, 0
39.8816,0, 0
-25.1885,0, 0
-103.909,0, 0
-189.18,0, 0
-273.871,0, 0
-352.575,0, 0
-421.784,0, 0
-477.783,0, 0
-516.289,0, 0
-533.189,0, 0
-527.056,0, 0
-500.802,0, 0
-462.118,0, 0
-419.377,0, 0
-377.954,0, 0
-339.091,0, 0
-301.617,0, 0
-263.985,0, 0
-226.284,0, 0
-189.773,0, 0
-155.069,0, 0
-120.808,0, 0
-84.9105,0, 0
-46.3244,0, 0
-5.51904,0, 0
35.6233,0, 0
74.7187,0, 0
109.973,0, 0
140.54,0, 0
165.808,0, 0
184.897,0, 0
196.809,0, 0
200.911,0, 0
197.453,0, 0
187.666,0, 0
173.312,0, 0
155.945,0, 0
136.436,0, 0
115.271,0, 0
93.2235,0, 0
71.675,0, 0
52.0152,0, 0
35.016,0, 0
20.6548,0, 0
8.58513,0, 0
-1.41426,0, 0
-9.22804,0, 0
-14.7577,0, 0
-18.3338,0, 0
-20.6001,0, 0
-21.8475,0, 0
-21.869,0, 0
-20.3357,0, 0
-17.3999,0, 0
-13.5986,0, 0
-9.33848,0, 0
-4.3967,0, 0
1.98104,0, 0
10.6605,0, 0
22.1028,0, 0
36.4592,0, 0
53.764,0, 0
74.1124,0, 0
97.2296,0, 0
122.238,0, 0
147.826,0, 0
172.738,0, 0
195.839,0, 0
216.024,0, 0
231.897,0, 0
241.923,0, 0
244.997,0, 0
241,0, 0
230.903,0, 0
216.194,0, 0
198.41,0, 0
178.849,0, 0
158.763,0, 0
139.497,0, 0
122.461,0, 0
98.3151,0, 0
81.0923,0, 0
68.8352,0, 0
59.8621,0, 0
53.2641,0, 0
48.857,0, 0
46.2686,0, 0
44.647,0, 0
42.7613,0, 0
39.9555,0, 0
36.2357,0, 0
31.8588,0, 0
26.3035,0, 0
18.1948,0, 0
6.06938,0, 0
-10.2033,0, 0
-28.3241,0, 0
-43.5401,0, 0
-50.6425,0, 0
-46.263,0, 0
-30.0693,0, 0
-3.84977,0, 0
30.1968,0, 0
71.0831,0, 0
118.952,0, 0
173.247,0, 0
230.901,0, 0
287.498,0, 0
339.487,0, 0
385.947,0, 0
428.105,0, 0
467.395,0, 0
503.053,0, 0
531.691,0, 0
548.939,0, 0
552.056,0, 0
540.791,0, 0
517.162,0, 0
484.324,0, 0
445.518,0, 0
403.567,0, 0
360.88,0, 0
319.67,0, 0
281.985,0, 0
249.333,0, 0
222.258,0, 0
200.214,0, 0
181.739,0, 0
165.24,0, 0
149.343,0, 0
133.543,0, 0
118.051,0, 0
103.378,0, 0
89.5823,0, 0
76.102,0, 0
61.6223,0, 0
44.7138,0, 0
24.1454,0, 0
-0.371622,0, 0
-28.1948,0, 0
-57.6711,0, 0
-86.2508,0, 0
-110.487,0, 0
-126.798,0, 0
-132.158,0, 0
-124.868,0, 0
-104.573,0, 0
-72.4278,0, 0
-31.4174,0, 0
13.1357,0, 0
53.8525,0, 0
82.7037,0, 0
93.6479,0, 0
84.6643,0, 0
57.8976,0, 0
17.9124,0, 0
-29.9623,0, 0
-80.33,0, 0
-127.716,0, 0
-167.089,0, 0
-194.894,0, 0
-210.27,0, 0
-215.207,0, 0
-213.375,0, 0
-208.417,0, 0
-203.117,0, 0
-199.351,0, 0
-198.189,0, 0
-199.648,0, 0
-202.738,0, 0
-205.883,0, 0
-207.696,0, 0
-207.589,0, 0
-206.009,0, 0
-203.945,0, 0
-202.323,0, 0
-201.576,0, 0
-201.622,0, 0
-201.87,0, 0
-201.469,0, 0
-199.522,0, 0
-195.137,0, 0
-187.435,0, 0
-175.504,0, 0
-158.474,0, 0
-135.798,0, 0
-108.011,0, 0
-77.3416,0, 0
-47.5547,0, 0
-22.8245,0, 0
-6.48947,0, 0
-0.0423099,0, 0
-3.16425,0, 0
-14.6079,0, 0
-33.0666,0, 0
-57.0636,0, 0
-84.3056,0, 0
-111.48,0, 0
-135.014,0, 0
-152.304,0, 0
-162.65,0, 0
-167.247,0, 0
-168.157,0, 0
-167.117,0, 0
-165.045,0, 0
-162.304,0, 0
-159.113,0, 0
-155.758,0, 0
-152.501,0, 0
-149.481,0, 0
-146.642,0, 0
-143.865,0, 0
-141.088,0, 0
-138.405,0, 0
-135.922,0, 0
-133.702,0, 0
-131.738,0, 0
-129.973,0, 0
-128.219,0, 0
-125.743,0, 0
-120.881,0, 0
-111.3,0, 0
-95.0038,0, 0
-71.8391,0, 0
-44.0765,0, 0
-15.2529,0, 0
12.3755,0, 0
39.2784,0, 0
67.7601,0, 0
99.0223,0, 0
134.181,0, 0
159.446,0, 0
174.156,0, 0
180.07,0, 0
179.997,0, 0
175.356,0, 0
165.191,0, 0
147.086,0, 0
119.395,0, 0
82.5335,0, 0
284.477,0, 0
237.927,0, 0
191.865,0, 0
148.389,0, 0
108.97,0, 0
74.6502,0, 0
46.1551,0, 0
23.5491,0, 0
6.16068,0, 0
-7.43729,0, 0
-18.7487,0, 0
-28.9534,0, 0
-38.4931,0, 0
-47.3515,0, 0
-55.4552,0, 0
-62.9017,0, 0
-69.8407,0, 0
-76.4587,0, 0
-82.8594,0, 0
-89.2986,0, 0
-96.2057,0, 0
-104.107,0, 0
-113.332,0, 0
-123.848,0, 0
-134.983,0, 0
-145.502,0, 0
-153.653,0, 0
-157.553,0, 0
-155.291,0, 0
-144.747,0, 0
-123.845,0, 0
-91.3537,0, 0
-48.372,0, 0
0.497163,0, 0
47.5117,0, 0
84.5556,0, 0
106.554,0, 0
113.286,0, 0
107.609,0, 0
92.141,0, 0
67.2148,0, 0
32.216,0, 0
-11.0289,0, 0
-56.4522,0, 0
-95.8814,0, 0
-123.66,0, 0
-140.022,0, 0
-150.228,0, 0
-159.885,0, 0
-171.056,0, 0
-181.735,0, 0
-188.966,0, 0
-191.815,0, 0
-192.078,0, 0
-192.201,0, 0
-192.835,0, 0
-192.13,0, 0
-187.368,0, 0
-176.749,0, 0
-160.031,0, 0
-137.717,0, 0
-109.806,0, 0
-75.7273,0, 0
-35.0848,0, 0
11.352,0, 0
61.399,0, 0
111.516,0, 0
157.551,0, 0
195.544,0, 0
222.427,0, 0
236.038,0, 0
235.492,0, 0
221.055,0, 0
193.659,0, 0
154.81,0, 0
107.382,0, 0
55.7695,0, 0
4.96276,0, 0
-41.4094,0, 0
-82.1368,0, 0
-118.098,0, 0
-150.243,0, 0
-177.705,0, 0
-198.2,0, 0
-210.19,0, 0
-214.502,0, 0
-213.749,0, 0
-210.316,0, 0
-204.822,0, 0
-196.603,0, 0
-183.629,0, 0
-168.866,0, 0
-155.346,0, 0
-145.126,0, 0
-138.161,0, 0
-132.204,0, 0
-124.179,0, 0
-111.558,0, 0
-93.1892,0, 0
-69.0905,0, 0
-40.0374,0, 0
-7.12459,0, 0
28.3534,0, 0
65.1171,0, 0
101.71,0, 0
136.528,0, 0
167.823,0, 0
194.031,0, 0
213.79,0, 0
225.984,0, 0
229.931,0, 0
225.762,0, 0
214.548,0, 0
197.723,0, 0
176.489,0, 0
151.621,0, 0
123.797,0, 0
94.2838,0, 0
65.3777,0, 0
39.5332,0, 0
18.1142,0, 0
0.779993,0, 0
-13.9369,0, 0
-27.4966,0, 0
-40.4207,0, 0
-52.3214,0, 0
-62.6505,0, 0
-71.4974,0, 0
-79.4001,0, 0
-86.8431,0, 0
-93.9428,0, 0
-100.442,0, 0
-105.725,0, 0
-109.065,0, 0
-109.573,0, 0
-106.275,0, 0
-98.1724,0, 0
-84.5411,0, 0
-65.0091,0, 0
-39.6083,0, 0
-8.71054,0, 0
26.8667,0, 0
65.9564,0, 0
107.069,0, 0
148.354,0, 0
187.457,0, 0
221.509,0, 0
247.518,0, 0
263.091,0, 0
267.221,0, 0
260.599,0, 0
245.051,0, 0
222.422,0, 0
193.835,0, 0
160.058,0, 0
122.663,0, 0
84.7581,0, 0
50.2803,0, 0
22.049,0, 0
0.181789,0, 0
-17.4719,0, 0
-33.1895,0, 0
-47.4584,0, 0
-59.014,0, 0
-66.7665,0, 0
-71.3631,0, 0
-74.9261,0, 0
-79.2152,0, 0
-84.1284,0, 0
-87.8998,0, 0
-88.5345,0, 0
-84.849,0, 0
-76.5541,0, 0
-63.3298,0, 0
-44.4284,0, 0
-18.9804,0, 0
13.2901,0, 0
51.9244,0, 0
95.6947,0, 0
142.508,0, 0
189.019,0, 0
231.055,0, 0
264.547,0, 0
286.796,0, 0
296.911,0, 0
295.346,0, 0
282.77,0, 0
259.94,0, 0
228.218,0, 0
190.51,0, 0
150.813,0, 0
113.081,0, 0
79.5326,0, 0
50.5889,0, 0
25.6669,0, 0
4.73135,0, 0
-11.2809,0, 0
-20.7584,0, 0
-22.5079,0, 0
-16.1257,0, 0
-1.99085,0, 0
19.5841,0, 0
48.5025,0, 0
84.618,0, 0
127.005,0, 0
173.713,0, 0
222.047,0, 0
269.248,0, 0
312.73,0, 0
350.259,0, 0
379.691,0, 0
398.971,0, 0
406.692,0, 0
402.769,0, 0
388.578,0, 0
366.245,0, 0
337.586,0, 0
303.837,0, 0
266.12,0, 0
226.321,0, 0
187.295,0, 0
151.839,0, 0
121.424,0, 0
95.8402,0, 0
73.9074,0, 0
54.5848,0, 0
37.5306,0, 0
22.7927,0, 0
10.2374,0, 0
-0.596429,0, 0
-10.2341,0, 0
-19.2641,0, 0
-28.7188,0, 0
-39.7916,0, 0
-53.1869,0, 0
-68.7125,0, 0
-85.5563,0, 0
-102.815,0, 0
-120.192,0, 0
-137.766,0, 0
-155.265,0, 0
-171.358,0, 0
-184.139,0, 0
-191.773,0, 0
-193.194,0, 0
-188.095,0, 0
-177.077,0, 0
-161.468,0, 0
-143.592,0, 0
-126.449,0, 0
-113.344,0, 0
-106.944,0, 0
-108.44,0, 0
-116.924,0, 0
-130.017,0, 0
-145.002,0, 0
-159.851,0, 0
-173.395,0, 0
-184.83,0, 0
-192.799,0, 0
-195.566,0, 0
-192.416,0, 0
-184.739,0, 0
-175.642,0, 0
-168.345,0, 0
-164.525,0, 0
-163.548,0, 0
-163.401,0, 0
-162.526,0, 0
-160.766,0, 0
-164.162,0, 0
-167.57,0, 0
-171.087,0, 0
-174.291,0, 0
-176.742,0, 0
-178.387,0, 0
-179.545,0, 0
-180.554,0, 0
-181.56,0, 0
-182.484,0, 0
-183.204,0, 0
-183.432,0, 0
-182.522,0, 0
-179.327,0, 0
-172.555,0, 0
-161.046,0, 0
-143.987,0, 0
-120.853,0, 0
-91.4616,0, 0
-56.0712,0, 0
-15.7459,0, 0
27.5308,0, 0
71.2256,0, 0
112.996,0, 0
151.053,0, 0
184.027,0, 0
210.71,0, 0
229.953,0, 0
240.759,0, 0
242.7,0, 0
330.488,0, 0
315.831,0, 0
296.477,0, 0
273.645,0, 0
247.908,0, 0
219.638,0, 0
189.716,0, 0
159.75,0, 0
131.587,0, 0
106.206,0, 0
83.4296,0, 0
62.4916,0, 0
42.9387,0, 0
24.9795,0, 0
9.1552,0, 0
-4.28271,0, 0
-15.6368,0, 0
-25.4974,0, 0
-34.2633,0, 0
-41.9723,0, 0
-48.6698,0, 0
-54.6282,0, 0
-60.4369,0, 0
-66.6081,0, 0
-73.3193,0, 0
-80.4948,0, 0
-88.0004,0, 0
-95.6339,0, 0
-103.244,0, 0
-110.713,0, 0
-117.944,0, 0
-124.657,0, 0
-130.23,0, 0
-133.642,0, 0
-133.785,0, 0
-129.812,0, 0
-121.378,0, 0
-108.209,0, 0
-89.8849,0, 0
-65.989,0, 0
-36.6259,0, 0
-2.60459,0, 0
34.6974,0, 0
73.4339,0, 0
111.008,0, 0
145.193,0, 0
174.375,0, 0
197.614,0, 0
214.509,0, 0
225.348,0, 0
220.114,0, 0
214.319,0, 0
207.075,0, 0
200.021,0, 0
195.759,0, 0
194.672,0, 0
194.184,0, 0
190.711,0, 0
182.76,0, 0
171.936,0, 0
161.63,0, 0
154.064,0, 0
148.607,0, 0
142.752,0, 0
134.596,0, 0
124.304,0, 0
113.775,0, 0
105.278,0, 0
100.031,0, 0
97.8674,0, 0
97.7588,0, 0
99.1126,0, 0
102.213,0, 0
107.938,0, 0
116.779,0, 0
128.119,0, 0
140.148,0, 0
150.813,0, 0
158.924,0, 0
164.794,0, 0
169.623,0, 0
174.436,0, 0
179.38,0, 0
183.652,0, 0
186.222,0, 0
186.623,0, 0
185.212,0, 0
182.64,0, 0
179.233,0, 0
174.801,0, 0
131.446,0, 0
92.7052,0, 0
59.8314,0, 0
32.2149,0, 0
8.51495,0, 0
-12.1463,0, 0
-29.9261,0, 0
-44.7703,0, 0
-57.0341,0, 0
-67.4776,0, 0
-72.0811,0, 0
-76.0756,0, 0
-79.6627,0, 0
-83.0397,0, 0
-86.242,0, 0
-89.2139,0, 0
-91.7759,0, 0
-93.7396,0, 0
-94.806,0, 0
-94.6852,0, 0
-92.9949,0, 0
-89.3684,0, 0
-83.4378,0, 0
-74.9707,0, 0
-63.8013,0, 0
-49.926,0, 0
-33.5586,0, 0
-15.2673,0, 0
4.15212,0, 0
23.7623,0, 0
42.5987,0, 0
59.6547,0, 0
73.8795,0, 0
84.1856,0, 0
89.6735,0, 0
89.8592,0, 0
84.8207,0, 0
75.0491,0, 0
61.2629,0, 0
44.3127,0, 0
-6.95587,0, 0
-57.5811,0, 0
-103.343,0, 0
-141.069,0, 0
-169.81,0, 0
-190.915,0, 0
-206.705,0, 0
-218.989,0, 0
-228.427,0, 0
-235.154,0, 0
-239.479,0, 0
-242.157,0, 0
-243.959,0, 0
-245.28,0, 0
-246.024,0, 0
-246.181,0, 0
-246.045,0, 0
-246.083,0, 0
-246.419,0, 0
-246.749,0, 0
-246.384,0, 0
-244.346,0, 0
-239.395,0, 0
-230.337,0, 0
-216.117,0, 0
-195.902,0, 0
-168.871,0, 0
-134.432,0, 0
-92.6146,0, 0
-44.6668,0, 0
6.70398,0, 0
57.6427,0, 0
104.109,0, 0
142.322,0, 0
169.091,0, 0
182.056,0, 0
180.198,0, 0
164.144,0, 0
135.948,0, 0
98.5448,0, 0
55.0811,0, 0
8.77923,0, 0
-36.9581,0, 0
-78.7741,0, 0
-114.413,0, 0
-143.17,0, 0
-165.898,0, 0
-184.034,0, 0
-198.787,0, 0
-210.618,0, 0
-219.78,0, 0
-226.734,0, 0
-232.338,0, 0
-237.294,0, 0
-241.934,0, 0
-246.11,0, 0
-249.547,0, 0
-252.153,0, 0
-254.185,0, 0
-255.877,0, 0
-257.381,0, 0
-258.643,0, 0
-259.356,0, 0
-258.898,0, 0
-256.313,0, 0
-250.477,0, 0
-240.484,0, 0
-225.862,0, 0
-206.546,0, 0
-182.455,0, 0
-153.229,0, 0
-118.583,0, 0
-78.7373,0, 0
-34.7382,0, 0
11.584,0, 0
57.8315,0, 0
101.151,0, 0
138.245,0, 0
165.733,0, 0
180.763,0, 0
181.892,0, 0
169.328,0, 0
144.449,0, 0
109.19,0, 0
65.881,0, 0
17.2744,0, 0
-33.3466,0, 0
-82.4422,0, 0
-126.95,0, 0
-165.002,0, 0
-196.18,0, 0
-221.073,0, 0
-240.782,0, 0
-256.487,0, 0
-269.082,0, 0
-278.937,0, 0
-286.248,0, 0
-291.312,0, 0
-294.886,0, 0
-298.026,0, 0
-301.76,0, 0
-306.566,0, 0
-312.256,0, 0
-318.129,0, 0
-323.463,0, 0
-327.551,0, 0
-329.612,0, 0
-328.718,0, 0
-323.936,0, 0
-314.515,0, 0
-299.802,0, 0
-279.306,0, 0
-252.713,0, 0
-220.372,0, 0
-183.607,0, 0
-145.242,0, 0
-109.277,0, 0
-80.285,0, 0
-62.0853,0, 0
-57.0224,0, 0
-65.4009,0, 0
-86.0153,0, 0
-116.641,0, 0
-154.791,0, 0
-197.64,0, 0
-241.893,0, 0
-283.797,0, 0
-320.006,0, 0
-348.314,0, 0
-367.826,0, 0
-377.78,0, 0
-375.137,0, 0
-354.743,0, 0
-312.656,0, 0
-249.475,0, 0
-169.96,0, 0
-80.6726,0, 0
11.7118,0, 0
100.943,0, 0
180.724,0, 0
211.304,0, 0
237.617,0, 0
258.013,0, 0
277.838,0, 0
303.253,0, 0
335.023,0, 0
367.916,0, 0
395.653,0, 0
415.727,0, 0
430.772,0, 0
445.329,0, 0
461.895,0, 0
480.242,0, 0
498.92,0, 0
516.841,0, 0
533.133,0, 0
546.803,0, 0
557.178,0, 0
564.402,0, 0
569.254,0, 0
572.494,0, 0
574.315,0, 0
574.303,0, 0
571.673,0, 0
565.672,0, 0
555.772,0, 0
541.552,0, 0
522.464,0, 0
498.07,0, 0
468.611,0, 0
413.193,0, 0
380.705,0, 0
348.801,0, 0
318.424,0, 0
289.185,0, 0
259.816,0, 0
229.192,0, 0
197.057,0, 0
164.273,0, 0
132.502,0, 0
103.57,0, 0
78.5917,0, 0
57.6408,0, 0
40.3091,0, 0
26.9511,0, 0
19.3156,0, 0
19.8012,0, 0
29.9077,0, 0
49.0585,0, 0
74.9395,0, 0
105.127,0, 0
138.462,0, 0
174.933,0, 0
214.344,0, 0
255.207,0, 0
294.762,0, 0
329.799,0, 0
357.396,0, 0
374.967,0, 0
380.197,0, 0
371.307,0, 0
347.864,0, 0
311.221,0, 0
264.022,0, 0
209.041,0, 0
148.671,0, 0
85.2241,0, 0
21.794,0, 0
-37.6698,0, 0
-89.389,0, 0
-131.312,0, 0
-163.736,0, 0
-188.619,0, 0
-208.001,0, 0
-223.077,0, 0
-234.196,0, 0
-241.665,0, 0
-246.319,0, 0
-249.323,0, 0
-251.55,0, 0
-253.276,0, 0
-254.346,0, 0
-254.548,0, 0
-253.879,0, 0
-252.573,0, 0
-250.877,0, 0
-248.803,0, 0
-245.885,0, 0
-241.277,0, 0
-233.91,0, 0
-222.828,0, 0
-207.345,0, 0
-187.022,0, 0
-161.416,0, 0
-130.014,0, 0
-92.4402,0, 0
-48.9776,0, 0
-0.796692,0, 0
50.0403,0, 0
100.656,0, 0
147.561,0, 0
186.775,0, 0
214.423,0, 0
227.618,0, 0
225.345,0, 0
208.499,0, 0
179.296,0, 0
140.374,0, 0
94.6643,0, 0
45.3529,0, 0
-3.8562,0, 0
-49.2148,0, 0
-87.9113,0, 0
-119,0, 0
-143.223,0, 0
-162.225,0, 0
-177.47,0, 0
-189.828,0, 0
-199.62,0, 0
-207.119,0, 0
-212.877,0, 0
-217.559,0, 0
-221.564,0, 0
-224.968,0, 0
-227.671,0, 0
-229.618,0, 0
-230.904,0, 0
-231.611,0, 0
-231.49,0, 0
-229.791,0, 0
-223.655,0, 0
-213.032,0, 0
-197.306,0, 0
-176.394,0, 0
-150.557,0, 0
-120.351,0, 0
-86.6356,0, 0
-50.8101,0, 0
-14.669,0, 0
19.9967,0, 0
61.4576,0, 0
101.437,0, 0
137.497,0, 0
166.898,0, 0
186.792,0, 0
195.008,0, 0
190.677,0, 0
174.647,0, 0
148.896,0, 0
115.866,0, 0
77.9833,0, 0
37.852,0, 0
-1.68706,0, 0
-37.8575,0, 0
-68.6433,0, 0
-93.2884,0, 0
-112.317,0, 0
-126.893,0, 0
-138.136,0, 0
-146.797,0, 0
-153.42,0, 0
-158.541,0, 0
-162.615,0, 0
-165.74,0, 0
-167.504,0, 0
-167.087,0, 0
-163.505,0, 0
-155.929,0, 0
-143.746,0, 0
-126.473,0, 0
-103.569,0, 0
-74.5375,0, 0
-39.2059,0, 0
2.04118,0, 0
48.2251,0, 0
97.7723,0, 0
148.519,0, 0
197.722,0, 0
242.005,0, 0
277.683,0, 0
298.888,0, 0
307.85,0, 0
304.163,0, 0
288.401,0, 0
261.868,0, 0
226.267,0, 0
183.322,0, 0
134.805,0, 0
82.9446,0, 0
30.5444,0, 0
-19.4103,0, 0
-64.5611,0, 0
-103.684,0, 0
-136.744,0, 0
-164.404,0, 0
-187.339,0, 0
-205.868,0, 0
-220.315,0, 0
-231.304,0, 0
-239.725,0, 0
-246.386,0, 0
-251.802,0, 0
-256.204,0, 0
-259.71,0, 0
-262.371,0, 0
-263.932,0, 0
-263.562,0, 0
-259.86,0, 0
-251.285,0, 0
-236.517,0, 0
-214.753,0, 0
-185.616,0, 0
-149.063,0, 0
-105.29,0, 0
-54.9873,0, 0
0.490227,0, 0
59.0285,0, 0
117.994,0, 0
174.498,0, 0
225.749,0, 0
269.149,0, 0
302.168,0, 0
322.472,0, 0
328.43,0, 0
319.803,0, 0
297.866,0, 0
264.898,0, 0
223.41,0, 0
175.803,0, 0
124.392,0, 0
71.9132,0, 0
21.4652,0, 0
-24.0962,0, 0
-63.0602,0, 0
-95.2088,0, 0
-121.349,0, 0
-142.583,0, 0
-159.885,0, 0
-173.848,0, 0
-184.861,0, 0
-193.328,0, 0
-199.723,0, 0
-204.591,0, 0
-208.483,0, 0
-211.943,0, 0
-215.333,0, 0
-218.628,0, 0
-221.56,0, 0
-223.941,0, 0
-225.767,0, 0
-227.18,0, 0
-228.253,0, 0
-228.965,0, 0
-229.334,0, 0
-229.434,0, 0
-229.165,0, 0
-227.997,0, 0
-224.873,0, 0
-218.477,0, 0
-207.494,0, 0
-190.94,0, 0
-168.043,0, 0
-138.217,0, 0
-101.04,0, 0
-56.6549,0, 0
-5.77439,0, 0
50.1353,0, 0
108.941,0, 0
167.677,0, 0
222.873,0, 0
270.885,0, 0
308.486,0, 0
333.2,0, 0
343.759,0, 0
339.946,0, 0
322.613,0, 0
293.373,0, 0
254.62,0, 0
209.373,0, 0
161.005,0, 0
112.724,0, 0
67.1097,0, 0
25.689,0, 0
-10.8521,0, 0
-42.2886,0, 0
-68.5153,0, 0
-89.5631,0, 0
-105.732,0, 0
-117.317,0, 0
-123.907,0, 0
-124.096,0, 0
-115.936,0, 0
-98.06,0, 0
-70.4247,0, 0
-34.2041,0, 0
9.00553,0, 0
57.8938,0, 0
111.417,0, 0
168.024,0, 0
225.237,0, 0
279.894,0, 0
328.779,0, 0
369.089,0, 0
398.585,0, 0
415.682,0, 0
419.591,0, 0
410.476,0, 0
389.429,0, 0
357.918,0, 0
317.332,0, 0
269.177,0, 0
215.775,0, 0
160.653,0, 0
108.014,0, 0
61.208,0, 0
21.6438,0, 0
-11.2019,0, 0
-38.4522,0, 0
-60.6981,0, 0
-77.8378,0, 0
-90.0247,0, 0
-98.4105,0, 0
-105.001,0, 0
-111.244,0, 0
-116.875,0, 0
-119.564,0, 0
-116.106,0, 0
-104.358,0, 0
-84.6515,0, 0
-59.4262,0, 0
-263.667,0, 0
-233.175,0, 0
-199.068,0, 0
-159.222,0, 0
-113.603,0, 0
-65.0952,0, 0
-17.5449,0, 0
27.1157,0, 0
69.9741,0, 0
113.481,0, 0
158.273,0, 0
201.365,0, 0
237.396,0, 0
261.739,0, 0
272.718,0, 0
271.558,0, 0
260.579,0, 0
241.468,0, 0
214.793,0, 0
180.856,0, 0
141.042,0, 0
98.3012,0, 0
56.3986,0, 0
18.4643,0, 0
-14.2655,0, 0
-42.8337,0, 0
-69.5457,0, 0
-96.105,0, 0
-121.827,0, 0
-143.914,0, 0
-159.392,0, 0
-167.475,0, 0
-170.404,0, 0
-171.989,0, 0
-174.431,0, 0
-176.638,0, 0
-175.648,0, 0
-169.97,0, 0
-161.47,0, 0
-153.953,0, 0
-149.63,0, 0
-146.503,0, 0
-139.272,0, 0
-122.94,0, 0
-95.9128,0, 0
-60.0285,0, 0
-18.4207,0, 0
26.7215,0, 0
74.4216,0, 0
123.795,0, 0
172.841,0, 0
218.642,0, 0
258.369,0, 0
290.025,0, 0
312.186,0, 0
323.438,0, 0
322.36,0, 0
308.259,0, 0
281.934,0, 0
245.629,0, 0
202.144,0, 0
153.758,0, 0
102.193,0, 0
49.4203,0, 0
-1.72877,0, 0
-48.1003,0, 0
-87.4558,0, 0
-119.517,0, 0
-145.832,0, 0
-168.544,0, 0
-188.898,0, 0
-206.734,0, 0
-221.063,0, 0
-231.146,0, 0
-237.224,0, 0
-240.539,0, 0
-242.542,0, 0
-243.96,0, 0
-244.254,0, 0
-241.989,0, 0
-235.67,0, 0
-224.394,0, 0
-207.602,0, 0
-184.591,0, 0
-154.432,0, 0
-116.587,0, 0
-71.4371,0, 0
-20.5977,0, 0
33.4884,0, 0
87.8517,0, 0
139.059,0, 0
182.806,0, 0
214.457,0, 0
230.457,0, 0
229.963,0, 0
214.729,0, 0
187.848,0, 0
152.047,0, 0
109.201,0, 0
61.1021,0, 0
10.7875,0, 0
-37.404,0, 0
-79.1862,0, 0
-112.193,0, 0
-136.164,0, 0
-151.651,0, 0
-158.243,0, 0
-153.768,0, 0
-135.319,0, 0
-101.27,0, 0
-52.6007,0, 0
7.38303,0, 0
74.5243,0, 0
145.042,0, 0
215.421,0, 0
281.307,0, 0
336.595,0, 0
374.368,0, 0
389.498,0, 0
381.107,0, 0
352.752,0, 0
310.309,0, 0
258.984,0, 0
202.161,0, 0
142.298,0, 0
82.7952,0, 0
28.0986,0, 0
-17.8835,0, 0
-53.964,0, 0
-81.8295,0, 0
-104.516,0, 0
-124.166,0, 0
-141.269,0, 0
-155.25,0, 0
-165.984,0, 0
-174.195,0, 0
-181.084,0, 0
-187.271,0, 0
-192.486,0, 0
-195.817,0, 0
-196.386,0, 0
-193.604,0, 0
-186.965,0, 0
-175.548,0, 0
-157.946,0, 0
-132.909,0, 0
-99.9769,0, 0
-59.6803,0, 0
-13.1766,0, 0
38.1664,0, 0
75.0893,0, 0
114.399,0, 0
154.739,0, 0
194.202,0, 0
230.9,0, 0
263.225,0, 0
289.776,0, 0
309.012,0, 0
319.344,0, 0
319.479,0, 0
305.747,0, 0
278.52,0, 0
240.165,0, 0
193.813,0, 0
142.758,0, 0
90.0609,0, 0
38.6698,0, 0
-8.76915,0, 0
-50.2797,0, 0
-85.0299,0, 0
-113.275,0, 0
-136.028,0, 0
-154.388,0, 0
-169.147,0, 0
-180.683,0, 0
-189.397,0, 0
-195.794,0, 0
-200.397,0, 0
-203.619,0, 0
-205.815,0, 0
-207.347,0, 0
-208.64,0, 0
-209.994,0, 0
-211.395,0, 0
-212.459,0, 0
-212.559,0, 0
-210.92,0, 0
-206.562,0, 0
-198.381,0, 0
-185.321,0, 0
-166.575,0, 0
-141.647,0, 0
-110.408,0, 0
-72.9737,0, 0
-29.7252,0, 0
18.5689,0, 0
70.2417,0, 0
122.296,0, 0
170.509,0, 0
210.193,0, 0
237.385,0, 0
249.972,0, 0
247.965,0, 0
232.772,0, 0
206.137,0, 0
169.765,0, 0
125.967,0, 0
78.2642,0, 0
31.1281,0, 0
-11.2095,0, 0
-46.2583,0, 0
-73.8778,0, 0
-95.5076,0, 0
-112.788,0, 0
-126.686,0, 0
-137.561,0, 0
-145.714,0, 0
-151.679,0, 0
-156.15,0, 0
-159.653,0, 0
-162.427,0, 0
-164.53,0, 0
-166.06,0, 0
-167.137,0, 0
-167.873,0, 0
-168.281,0, 0
-168.313,0, 0
-167.864,0, 0
-166.773,0, 0
-164.733,0, 0
-161.327,0, 0
-156.089,0, 0
-148.512,0, 0
-138.02,0, 0
-123.963,0, 0
-105.709,0, 0
-82.7154,0, 0
-54.7182,0, 0
-21.7544,0, 0
15.619,0, 0
55.9376,0, 0
96.4796,0, 0
133.58,0, 0
163.438,0, 0
183.23,0, 0
191.648,0, 0
188.863,0, 0
175.81,0, 0
153.711,0, 0
124.292,0, 0
90.1483,0, 0
54.6428,0, 0
21.2819,0, 0
-7.36809,0, 0
-30.3838,0, 0
-48.3147,0, 0
-62.3365,0, 0
-73.4125,0, 0
-82.0678,0, 0
-88.641,0, 0
-93.4428,0, 0
-96.7987,0, 0
-98.7611,0, 0
-98.8961,0, 0
-96.3607,0, 0
-90.2439,0, 0
-79.8477,0, 0
-64.8218,0, 0
-44.9435,0, 0
-19.9505,0, 0
10.4237,0, 0
46.209,0, 0
86.8991,0, 0
131.357,0, 0
177.81,0, 0
223.808,0, 0
266.322,0, 0
301.845,0, 0
326.892,0, 0
338.917,0, 0
336.469,0, 0
319.388,0, 0
290.007,0, 0
250.978,0, 0
204.967,0, 0
154.775,0, 0
103.724,0, 0
55.5773,0, 0
13.6007,0, 0
-20.6017,0, 0
-47.3538,0, 0
-68.1979,0, 0
-84.8795,0, 0
-98.7222,0, 0
-110.478,0, 0
-120.57,0, 0
-129.327,0, 0
-136.965,0, 0
-143.522,0, 0
-148.879,0, 0
-164.439,0, 0
-168.599,0, 0
-169.559,0, 0
-165.984,0, 0
-156.753,0, 0
-141.327,0, 0
-119.626,0, 0
-91.5872,0, 0
-56.9686,0, 0
-15.7504,0, 0
31.3652,0, 0
82.7234,0, 0
135.654,0, 0
186.797,0, 0
232.461,0, 0
269.039,0, 0
293.371,0, 0
303.398,0, 0
298.584,0, 0
279.896,0, 0
249.117,0, 0
208.763,0, 0
161.9,0, 0
112.014,0, 0
62.5739,0, 0
16.5375,0, 0
-24.1955,0, 0
-58.895,0, 0
-87.6351,0, 0
-110.507,0, 0
-127.085,0, 0
-136.267,0, 0
-136.675,0, 0
-127.431,0, 0
-108.732,0, 0
-81.6877,0, 0
-47.7729,0, 0
-8.10627,0, 0
36.623,0, 0
85.5604,0, 0
136.855,0, 0
187.794,0, 0
235.368,0, 0
276.886,0, 0
309.975,0, 0
332.496,0, 0
342.411,0, 0
338.302,0, 0
320.02,0, 0
289.075,0, 0
247.863,0, 0
199.11,0, 0
145.732,0, 0
91.0952,0, 0
38.8625,0, 0
-7.64441,0, 0
-46.699,0, 0
-78.5093,0, 0
-104.644,0, 0
-126.557,0, 0
-144.94,0, 0
-159.806,0, 0
-171.312,0, 0
-180.014,0, 0
-186.68,0, 0
-191.366,0, 0
-193.241,0, 0
-190.874,0, 0
-183.061,0, 0
-169.104,0, 0
-148.789,0, 0
-121.978,0, 0
-88.6336,0, 0
-48.996,0, 0
-3.988,0, 0
44.7562,0, 0
95.0595,0, 0
144.419,0, 0
190.014,0, 0
228.675,0, 0
257.119,0, 0
272.696,0, 0
274.068,0, 0
261.605,0, 0
236.973,0, 0
202.39,0, 0
160.188,0, 0
112.937,0, 0
63.6919,0, 0
15.8795,0, 0
-27.3926,0, 0
-64.261,0, 0
-94.4974,0, 0
-119.138,0, 0
-139.447,0, 0
-156.263,0, 0
-169.845,0, 0
-180.326,0, 0
-188.041,0, 0
-193.71,0, 0
-198.017,0, 0
-201.43,0, 0
-204.127,0, 0
-206.364,0, 0
-208.457,0, 0
-210.739,0, 0
-213.107,0, 0
-214.922,0, 0
-215.105,0, 0
-212.538,0, 0
-206.183,0, 0
-195.14,0, 0
-178.596,0, 0
-156.058,0, 0
-127.481,0, 0
-93.3065,0, 0
-54.1971,0, 0
-10.8548,0, 0
35.6831,0, 0
83.3998,0, 0
129.146,0, 0
169.115,0, 0
199.919,0, 0
219.338,0, 0
226.512,0, 0
221.383,0, 0
204.349,0, 0
176.222,0, 0
138.875,0, 0
95.3232,0, 0
49.4433,0, 0
4.83023,0, 0
-36.0009,0, 0
-72.0137,0, 0
-103.108,0, 0
-129.598,0, 0
-151.685,0, 0
-169.798,0, 0
-184.586,0, 0
-196.928,0, 0
-207.517,0, 0
-216.803,0, 0
-224.972,0, 0
-232.162,0, 0
-238.321,0, 0
-243.053,0, 0
-245.468,0, 0
-244.434,0, 0
-238.902,0, 0
-228.076,0, 0
-211.43,0, 0
-188.676,0, 0
-159.822,0, 0
-125.346,0, 0
-86.5235,0, 0
-45.5687,0, 0
-5.62065,0, 0
29.6654,0, 0
56.7287,0, 0
73.017,0, 0
77.3748,0, 0
70.0587,0, 0
52.1087,0, 0
25.0855,0, 0
-8.99289,0, 0
-47.4767,0, 0
-87.2951,0, 0
-125.344,0, 0
-159.363,0, 0
-188.263,0, 0
-212.07,0, 0
-231.384,0, 0
-246.88,0, 0
-258.877,0, 0
-267.287,0, 0
-271.6,0, 0
-271.1,0, 0
-264.871,0, 0
-252.017,0, 0
-231.8,0, 0
-203.656,0, 0
-167.256,0, 0
-122.727,0, 0
-70.6736,0, 0
-12.1805,0, 0
51.285,0, 0
117.84,0, 0
185.221,0, 0
250.619,0, 0
310.538,0, 0
360.966,0, 0
398.331,0, 0
420.508,0, 0
427.367,0, 0
420.319,0, 0
401.153,0, 0
371.055,0, 0
330.611,0, 0
280.945,0, 0
224.755,0, 0
166,0, 0
108.262,0, 0
53.3427,0, 0
1.01039,0, 0
-49.5822,0, 0
-98.3472,0, 0
-143.591,0, 0
-183.063,0, 0
-215.373,0, 0
-240.774,0, 0
-260.356,0, 0
-274.993,0, 0
-284.414,0, 0
-287.392,0, 0
-282.393,0, 0
-268.306,0, 0
-244.524,0, 0
-210.866,0, 0
-167.354,0, 0
-114.519,0, 0
-53.6332,0, 0
13.05,0, 0
82.5334,0, 0
151.341,0, 0
215.854,0, 0
272.252,0, 0
316.68,0, 0
345.631,0, 0
356.755,0, 0
349.41,0, 0
324.828,0, 0
285.511,0, 0
234.637,0, 0
175.458,0, 0
111.499,0, 0
46.5946,0, 0
-15.3486,0, 0
-71.2056,0, 0
-119.189,0, 0
-158.928,0, 0
-190.578,0, 0
-213.639,0, 0
-226.101,0, 0
-224.754,0, 0
-206.588,0, 0
-170.298,0, 0
-116.906,0, 0
-49.2933,0, 0
28.706,0, 0
112.738,0, 0
197.869,0, 0
278.672,0, 0
349.811,0, 0
407.439,0, 0
450.242,0, 0
479.235,0, 0
496.649,0, 0
505.024,0, 0
506.682,0, 0
503.11,0, 0
493.957,0, 0
476.543,0, 0
446.842,0, 0
401.759,0, 0
341.587,0, 0
269.965,0, 0
191.681,0, 0
110.298,0, 0
28.0306,0, 0
-52.6114,0, 0
-127.17,0, 0
-190.352,0, 0
-238.801,0, 0
-273.393,0, 0
-298.119,0, 0
-317.183,0, 0
-332.498,0, 0
-343.877,0, 0
-350.888,0, 0
-354.585,0, 0
-356.801,0, 0
-358.162,0, 0
-356.795,0, 0
-349.226,0, 0
-332.488,0, 0
-305.593,0, 0
-269.192,0, 0
-224.207,0, 0
-170.994,0, 0
-109.97,0, 0
-42.8849,0, 0
26.3876,0, 0
92.2283,0, 0
148.6,0, 0
190.491,0, 0
214.537,0, 0
219.371,0, 0
205.438,0, 0
174.785,0, 0
130.468,0, 0
300.485,0, 0
241.126,0, 0
179.857,0, 0
120.792,0, 0
67.3613,0, 0
21.6285,0, 0
-15.9114,0, 0
-45.9049,0, 0
-69.5775,0, 0
-88.0074,0, 0
-102.144,0, 0
-112.946,0, 0
-121.359,0, 0
-127.999,0, 0
-133.152,0, 0
-136.826,0, 0
-138.991,0, 0
-139.439,0, 0
-137.659,0, 0
-132.581,0, 0
-122.582,0, 0
-105.976,0, 0
-81.5254,0, 0
-48.6674,0, 0
-7.38359,0, 0
41.8271,0, 0
97.9068,0, 0
158.785,0, 0
221.129,0, 0
280.223,0, 0
330.617,0, 0
367.217,0, 0
386.542,0, 0
387.356,0, 0
370.601,0, 0
338.644,0, 0
294.378,0, 0
240.922,0, 0
181.932,0, 0
121.946,0, 0
65.847,0, 0
17.6156,0, 0
-20.981,0, 0
-50.6076,0, 0
-73.4924,0, 0
-91.8277,0, 0
-106.815,0, 0
-118.776,0, 0
-127.875,0, 0
-134.613,0, 0
-139.766,0, 0
-143.984,0, 0
-147.593,0, 0
-150.574,0, 0
-152.635,0, 0
-153.372,0, 0
-152.217,0, 0
-148.41,0, 0
-140.994,0, 0
-128.942,0, 0
-111.335,0, 0
-87.5234,0, 0
-57.1607,0, 0
-20.3547,0, 0
22.3003,0, 0
69.4922,0, 0
118.787,0, 0
166.503,0, 0
208.078,0, 0
239.137,0, 0
256.724,0, 0
259.865,0, 0
249.257,0, 0
226.525,0, 0
193.603,0, 0
152.921,0, 0
107.683,0, 0
61.7968,0, 0
19.2075,0, 0
-17.3273,0, 0
-46.9438,0, 0
-70.4041,0, 0
-89.1301,0, 0
-104.269,0, 0
-116.344,0, 0
-125.636,0, 0
-132.545,0, 0
-137.863,0, 0
-142.382,0, 0
-146.468,0, 0
-150.025,0, 0
-152.7,0, 0
-154.042,0, 0
-153.592,0, 0
-150.861,0, 0
-145.302,0, 0
-136.422,0, 0
-123.847,0, 0
-107.341,0, 0
-86.6153,0, 0
-61.3976,0, 0
-31.6817,0, 0
1.70462,0, 0
36.7746,0, 0
70.4176,0, 0
99.1285,0, 0
120.033,0, 0
131.538,0, 0
133.398,0, 0
126.214,0, 0
110.827,0, 0
88.2285,0, 0
59.9845,0, 0
28.4726,0, 0
-3.27569,0, 0
-32.3962,0, 0
-57.0156,0, 0
-76.6452,0, 0
-91.9181,0, 0
-103.926,0, 0
-113.631,0, 0
-121.696,0, 0
-128.46,0, 0
-134.112,0, 0
-138.805,0, 0
-142.664,0, 0
-145.804,0, 0
-148.422,0, 0
-150.638,0, 0
-152.418,0, 0
-153.345,0, 0
-152.637,0, 0
-149.257,0, 0
-142.174,0, 0
-130.508,0, 0
-113.634,0, 0
-91.0113,0, 0
-62.3429,0, 0
-27.7167,0, 0
12.2678,0, 0
56.4154,0, 0
102.765,0, 0
148.377,0, 0
189.306,0, 0
221.314,0, 0
240.85,0, 0
246.108,0, 0
237.381,0, 0
216.477,0, 0
185.722,0, 0
147.52,0, 0
104.55,0, 0
60.1142,0, 0
17.8158,0, 0
-19.3248,0, 0
-49.8171,0, 0
-73.9927,0, 0
-93.2939,0, 0
-109.161,0, 0
-122.411,0, 0
-133.304,0, 0
-142.009,0, 0
-148.871,0, 0
-154.364,0, 0
-158.752,0, 0
-161.964,0, 0
-163.648,0, 0
-163.385,0, 0
-160.612,0, 0
-154.688,0, 0
-144.885,0, 0
-130.559,0, 0
-111.144,0, 0
-86.2845,0, 0
-55.8118,0, 0
-19.9129,0, 0
20.7687,0, 0
64.7049,0, 0
109.249,0, 0
150.82,0, 0
185.445,0, 0
209.671,0, 0
221.384,0, 0
220.193,0, 0
207.013,0, 0
183.406,0, 0
151.099,0, 0
112.327,0, 0
70.0205,0, 0
27.7426,0, 0
-11.1069,0, 0
-44.2871,0, 0
-71.2132,0, 0
-92.5302,0, 0
-109.318,0, 0
-122.464,0, 0
-132.553,0, 0
-140.042,0, 0
-145.363,0, 0
-148.973,0, 0
-151.275,0, 0
-152.625,0, 0
-153.384,0, 0
-153.883,0, 0
-154.365,0, 0
-154.919,0, 0
-155.5,0, 0
-155.924,0, 0
-155.95,0, 0
-155.201,0, 0
-153.153,0, 0
-149.09,0, 0
-142.207,0, 0
-131.723,0, 0
-117.05,0, 0
-97.7293,0, 0
-73.414,0, 0
-43.8542,0, 0
-9.08881,0, 0
30.4121,0, 0
73.6957,0, 0
119.25,0, 0
164.854,0, 0
207.569,0, 0
243.88,0, 0
270.281,0, 0
284.184,0, 0
284.632,0, 0
272.343,0, 0
248.992,0, 0
216.511,0, 0
177.13,0, 0
133.514,0, 0
88.9812,0, 0
47.0032,0, 0
10.3292,0, 0
-19.8361,0, 0
-43.7898,0, 0
-62.7102,0, 0
-77.7533,0, 0
-89.7543,0, 0
-99.1509,0, 0
-106.25,0, 0
-111.461,0, 0
-115.263,0, 0
-118.088,0, 0
-120.246,0, 0
-121.921,0, 0
-123.216,0, 0
-124.134,0, 0
-124.393,0, 0
-123.329,0, 0
-119.894,0, 0
-112.873,0, 0
-101.065,0, 0
-83.4989,0, 0
-59.5708,0, 0
-29.0882,0, 0
7.72393,0, 0
50.1635,0, 0
97.0155,0, 0
146.679,0, 0
197.16,0, 0
245.945,0, 0
289.864,0, 0
325.446,0, 0
349.579,0, 0
360.372,0, 0
357.597,0, 0
342.449,0, 0
316.803,0, 0
282.737,0, 0
242.603,0, 0
199.336,0, 0
156.327,0, 0
116.621,0, 0
82.0433,0, 0
52.8296,0, 0
28.1687,0, 0
7.04878,0, 0
-11.2251,0, 0
-27.1732,0, 0
-41.3309,0, 0
-54.3302,0, 0
-66.4999,0, 0
-77.6813,0, 0
-87.3402,0, 0
-95.0521,0, 0
-100.781,0, 0
-104.901,0, 0
-107.892,0, 0
-110.128,0, 0
-111.659,0, 0
-112.171,0, 0
-111.071,0, 0
-107.549,0, 0
-100.668,0, 0
-89.5307,0, 0
-73.4702,0, 0
-52.0392,0, 0
-86.6418,0, 0
-54.4483,0, 0
-16.5054,0, 0
26.7185,0, 0
74.2062,0, 0
124.373,0, 0
175.146,0, 0
223.928,0, 0
267.518,0, 0
302.137,0, 0
324.261,0, 0
331.482,0, 0
323.384,0, 0
301.344,0, 0
267.776,0, 0
225.242,0, 0
176.404,0, 0
124.263,0, 0
72.4888,0, 0
24.7654,0, 0
-16.1477,0, 0
-49.3176,0, 0
-75.5071,0, 0
-96.3862,0, 0
-113.46,0, 0
-127.703,0, 0
-139.439,0, 0
-148.693,0, 0
-155.284,0, 0
-158.929,0, 0
-159.48,0, 0
-157.149,0, 0
-152.433,0, 0
-145.508,0, 0
-135.338,0, 0
-119.608,0, 0
-95.9273,0, 0
-63.6692,0, 0
-24.7754,0, 0
17.1683,0, 0
58.6579,0, 0
97.3105,0, 0
131.264,0, 0
157.842,0, 0
173.29,0, 0
174.435,0, 0
160.741,0, 0
134.853,0, 0
101.159,0, 0
63.8647,0, 0
25.8236,0, 0
-11.125,0, 0
-45.2748,0, 0
-74.9014,0, 0
-98.9467,0, 0
-117.612,0, 0
-132.157,0, 0
-143.934,0, 0
-153.809,0, 0
-162.01,0, 0
-168.55,0, 0
-173.623,0, 0
-177.626,0, 0
-180.928,0, 0
-183.724,0, 0
-186.107,0, 0
-188.134,0, 0
-189.779,0, 0
-190.642,0, 0
-189.958,0, 0
-186.668,0, 0
-179.833,0, 0
-168.706,0, 0
-152.767,0, 0
-131.474,0, 0
-104.487,0, 0
-71.8271,0, 0
-34.2109,0, 0
7.10735,0, 0
50.6352,0, 0
95.0068,0, 0
138.599,0, 0
179.099,0, 0
213.251,0, 0
237.536,0, 0
249.281,0, 0
247.622,0, 0
233.579,0, 0
209.151,0, 0
176.377,0, 0
137.127,0, 0
93.5624,0, 0
48.5065,0, 0
5.28223,0, 0
-33.1234,0, 0
-64.9907,0, 0
-90.2693,0, 0
-110.017,0, 0
-125.669,0, 0
-138.413,0, 0
-149.02,0, 0
-157.861,0, 0
-165.151,0, 0
-171.077,0, 0
-175.941,0, 0
-180.037,0, 0
-183.676,0, 0
-186.879,0, 0
-189.239,0, 0
-189.919,0, 0
-187.83,0, 0
-181.831,0, 0
-171.027,0, 0
-154.784,0, 0
-132.709,0, 0
-104.531,0, 0
-70.3014,0, 0
-30.5408,0, 0
13.6767,0, 0
60.6123,0, 0
107.641,0, 0
151.298,0, 0
187.71,0, 0
213.294,0, 0
225.71,0, 0
224.454,0, 0
210.684,0, 0
186.354,0, 0
153.595,0, 0
114.639,0, 0
72.2566,0, 0
29.6759,0, 0
-9.83963,0, 0
-44.0014,0, 0
-72.0794,0, 0
-94.7795,0, 0
-113.336,0, 0
-128.839,0, 0
-141.815,0, 0
-152.591,0, 0
-161.378,0, 0
-168.308,0, 0
-173.158,0, 0
-175.268,0, 0
-173.615,0, 0
-167.26,0, 0
-155.541,0, 0
-138.191,0, 0
-115.107,0, 0
-86.298,0, 0
-52.028,0, 0
-13.0218,0, 0
29.3757,0, 0
73.0381,0, 0
115.166,0, 0
152.506,0, 0
181.72,0, 0
200.071,0, 0
206.032,0, 0
199.617,0, 0
182.032,0, 0
155.076,0, 0
120.793,0, 0
81.5166,0, 0
39.9621,0, 0
-0.808513,0, 0
-37.9588,0, 0
-69.6052,0, 0
-95.2095,0, 0
-115.441,0, 0
-131.479,0, 0
-144.421,0, 0
-155.026,0, 0
-163.733,0, 0
-170.847,0, 0
-176.664,0, 0
-181.343,0, 0
-184.742,0, 0
-186.345,0, 0
-185.399,0, 0
-181.026,0, 0
-171.753,0, 0
-155.538,0, 0
-130.027,0, 0
-93.4829,0, 0
-45.3749,0, 0
13.2328,0, 0
80.3713,0, 0
153.705,0, 0
230.88,0, 0
308.718,0, 0
383.372,0, 0
450.813,0, 0
508.071,0, 0
554.134,0, 0
589.677,0, 0
612.243,0, 0
614.244,0, 0
586.664,0, 0
527.596,0, 0
446.152,0, 0
359.314,0, 0
281.815,0, 0
218.154,0, 0
162.761,0, 0
111.405,0, 0
68.5504,0, 0
43.6546,0, 0
40.2646,0, 0
50.4063,0, 0
57.4068,0, 0
46.9931,0, 0
15.2429,0, 0
-31.8661,0, 0
-85.3508,0, 0
-137.761,0, 0
-184.372,0, 0
-222.582,0, 0
-252.02,0, 0
-274.157,0, 0
-291.688,0, 0
-306.368,0, 0
-316.948,0, 0
-320.824,0, 0
-317.872,0, 0
-310.291,0, 0
-300.06,0, 0
-287.083,0, 0
